Workbook

Sheet Leia-me
A1: O Impostor · Matriz de falas por personalidade
A3: O que é | B3: Cada linha é uma fala de personagem (ou da voz, ou do Faroleiro). As 6 colunas de tipo dizem a MESMA informação; só muda a forma de escrever. O tipo de cada personagem é sorteado pela semente da partida e nunca aparece para o jogador.
A4: Abas | B4: Cap 1 a Final: tronco comum (falas que se repetem em toda partida). Partidas Cap 1-2 a Partidas Cap 6: falas próprias de cada partida (coluna Partida). Resumo: contagem. Dúvidas: o que precisa de decisão sua. Pendentes: o que a etapa 1 listou para a etapa 2.
A5: Onde editar | B5: Só as 6 colunas de tipo (fundo creme) e, se precisar, os Itens. Não mexa em ID nem em Fala original.
A6: Itens | B6: Palavras que carregam a informação (nas falas de partida, são as pistas: segundos, clarões, lugares, cores). Precisam aparecer em todas as 6 versões. A coluna Faltam conta quantos itens sumiram nas 6 versões (ignora maiúscula, mas não acento) e fica vermelha se for maior que zero.
A7: Fichas | B7: {Inv}/{inv} = O/o Investigador (ou "você", se for o personagem do jogador); {de:pol} = do Policial; {a:pol} = ao Policial. Aliases: inv, her, res, jor, pol, obs, tab, gov, adv, jar, che, ele, med (o Médico, 13º personagem, só com 12 humanos).
A8: Grosseria | B8: Nível médio: ofensa ao personagem sim, palavrão não (decisão do Mario, 02/10/2026).
A9: Evasivo | B9: As digressões usam só assunto neutro (chuva, frio, umidade, cansaço, estrada, demora). Nunca vento: o cânone diz que a chuva cai reta, sem vento.
A11: Tipo | B11: Reatividade | C11: Confiança | D11: Filtro | E11: Lealdade | F11: Esfriamento | G11: Como escreve
A12: Explosivo | B12: 0.9 | C12: 0.3 | D12: 0.1 | E12: 0.2 | F12: 0.5 | G12: Exclamações, acusa pelo tom, impaciente; ofende sem palavrão.
A13: Calmo opaco | B13: 0.2 | C13: 0.2 | D13: 0.8 | E13: 0.3 | F13: 0.85 | G13: Voz baixa, frases curtas e partidas; diz tudo, aos pedaços.
A14: Ingênuo | B14: 0.4 | C14: 0.9 | D14: 0.1 | E14: 0.2 | F14: 0.8 | G14: Hesita, pede confirmação, acredita; nas pistas, sem "acho que" antes do fato.
A15: Leal cego | B15: 0.5 | C15: 0.4 | D15: 0.6 | E15: 0.95 | F15: 0.7 | G15: Fala em defesa de alguém; padrão: lealdade a ele (o proprietário) ou à casa.
A16: Evasivo | B16: 0.3 | C16: 0.3 | D16: 0.9 | E16: 0.2 | F16: 0.75 | G16: Rodeia com assunto neutro e solta a informação no meio.
A17: Burocrata | B17: 0.2 | C17: 0.2 | D17: 0.7 | E17: 0.1 | F17: 0.9 | G17: Formato de registro: consta, registre, itens em sequência.

Sheet Resumo
A1: Aba | B1: Falas | C1: Células (falas × 6) | D1: Linhas com item faltando
A2: Cap 1 | B2: =COUNTA('Cap 1'!A2:A49) | C2: =B2*6 | D2: =COUNTIF('Cap 1'!X2:X49,">0")
A3: Cap 2 | B3: =COUNTA('Cap 2'!A2:A43) | C3: =B3*6 | D3: =COUNTIF('Cap 2'!X2:X43,">0")
A4: Cap 3 | B4: =COUNTA('Cap 3'!A2:A32) | C4: =B4*6 | D4: =COUNTIF('Cap 3'!X2:X32,">0")
A5: Cap 4 | B5: =COUNTA('Cap 4'!A2:A28) | C5: =B5*6 | D5: =COUNTIF('Cap 4'!X2:X28,">0")
A6: Cap 5 | B6: =COUNTA('Cap 5'!A2:A18) | C6: =B6*6 | D6: =COUNTIF('Cap 5'!X2:X18,">0")
A7: Cap 6 | B7: =COUNTA('Cap 6'!A2:A26) | C7: =B7*6 | D7: =COUNTIF('Cap 6'!X2:X26,">0")
A8: Final | B8: =COUNTA(Final!A2:A5) | C8: =B8*6 | D8: =COUNTIF(Final!X2:X5,">0")
A9: Partidas Cap 1-2 | B9: =COUNTA('Partidas Cap 1-2'!A2:A55) | C9: =B9*6 | D9: =COUNTIF('Partidas Cap 1-2'!Y2:Y55,">0")
A10: Partidas Cap 3-4 | B10: =COUNTA('Partidas Cap 3-4'!A2:A90) | C10: =B10*6 | D10: =COUNTIF('Partidas Cap 3-4'!Y2:Y90,">0")
A11: Partidas Cap 5 | B11: =COUNTA('Partidas Cap 5'!A2:A39) | C11: =B11*6 | D11: =COUNTIF('Partidas Cap 5'!Y2:Y39,">0")
A12: Partidas Cap 6 | B12: =COUNTA('Partidas Cap 6'!A2:A131) | C12: =B12*6 | D12: =COUNTIF('Partidas Cap 6'!Y2:Y131,">0")
A13: Total | B13: =SUM(B2:B12) | C13: =SUM(C2:C12) | D13: =SUM(D2:D12)

Sheet Dúvidas
A1: Tema | B1: Dúvida ou decisão
A2: Resolvido 02/10 | B2: Passada 2 aplicada (chamada de uma palavra, sem vento, deslizes, fin-04, voz com uma função por momento, Ingênuo sem hesitar antes do fato, Explosivo sem acusar, Leal só onde cabe, Burocrata que anota, falas curtas sem muleta).
A3: Resolvido 02/10 | B3: Deslizes de quem voltou (P2 e P10) reescritos com "terça passada" no código.
A4: Resolvido 02/10 | B4: P15: o Faroleiro diz "vulto amarelo" (o farol só vê vultos). Mudou também no Cap. 6 e no livro do farol.
A5: Resolvido 02/10 | B5: Segundos da mensagem no escuro: Leal cego +20, Ingênuo +36, Evasivo +60, Explosivo +90, Calmo opaco +100, Burocrata +106.
A6: Resolvido 02/10 | B6: Falantes deduzidos confirmados: "De despensa." (Chefe), "O senhor escreveu isso…" (Investigador), "Tem barro vermelho…" (Observadora), "Tirou o blazer no frio?" (Jornalista).
A7: Resolvido 02/10 | B7: Rádio: o Faroleiro passava na casa antes do turno (Cap. 4: o gato do Jardineiro, as terças da Governanta); o ajudante do Eletricista confirma a tomada (Cap. 6). Falas c4-25 a c4-27 e c6-24. Toda mensagem de rádio toca a estática.
A8: Cânone | B8: P13 "estava lúcido": pista falsa intencional; as seis mantêm "lúcido".
A9: Cânone | B9: "Quarto dos fundos", "quarto do fundo" e "quarto de serviço" tratados como o mesmo cômodo; na matriz o nome nunca varia entre tipos.
A10: Código | B10: Quando o narrador fala pelo personagem do jogador, usa o tipo sorteado.
A11: Código | B11: Textos por extenso que deveriam ser ficha (P2 Cap. 5 "o Policial"; P12 Cap. 6 "respondi ao Policial", "à Governanta"; Cap. 2 a Herdeira em "É o número do seu pai?"): corrigir quando a matriz entrar no jogo.
A12: Código | B12: O livro do farol usa o texto base da linha do Faroleiro, sem tipo.

Sheet Cap 1
A1: ID | B1: Cena | C1: Momento | D1: Quem fala | E1: Com quem | F1: Condição | G1: Item 1 | H1: Item 2 | I1: Item 3 | J1: Item 4 | K1: Item 5 | L1: Item 6 | M1: Item 7 | N1: Item 8 | O1: Item 9 | P1: Item 10 | Q1: Fala original | R1: Explosivo | S1: Calmo opaco | T1: Ingênuo | U1: Leal cego | V1: Evasivo | W1: Burocrata | X1: Faltam | Y1: Nota
A2: c1-01 | B2: chegada: a contagem e os lacres | C2: roteiro | D2: tabeliao | policial (cond: o Tabelião se estiver na casa) | E2: grupo (citado na narração) | G2: leitura | H2: nada sai do lugar | I2: nem vocês | Q2: Até a leitura, nada sai do lugar. Nem vocês. | R2: Nada sai do lugar até a leitura! Nem vocês, e não quero discussão. | S2: Até a leitura… nada sai do lugar. Nem vocês. | T2: Até a leitura, nada sai do lugar. Nem vocês, tá bom? | U2: Até a leitura, nada sai do lugar. Nem vocês. Sem exceção. | V2: Foi longa, a estrada até aqui… Até a leitura, nada sai do lugar. Nem vocês. | W2: Para a ata: até a leitura, nada sai do lugar. Nem vocês. | X2: =SUMPRODUCT(($G2:$P2<>"")*ISERROR(SEARCH($G2:$P2,R2)))+SUMPRODUCT(($G2:$P2<>"")*ISERROR(SEARCH($G2:$P2,S2)))+SUMPRODUCT(($G2:$P2<>"")*ISERROR(SEARCH($G2:$P2,T2)))+SUMPRODUCT(($G2:$P2<>"")*ISERROR(SEARCH($G2:$P2,U2)))+SUMPRODUCT(($G2:$P2<>"")*ISERROR(SEARCH($G2:$P2,V2)))+SUMPRODUCT(($G2:$P2<>"")*ISERROR(SEARCH($G2:$P2,W2))) | Y2: Enquadre: '{Cond} contou os convocados duas vezes e anotou N. Depois conferiu os lacres... <i>"fala"</i>'.
A3: c1-02 | B3: o rádio do farol (casa com funcionários) | C3: roteiro | D3: faroleiro | E3: grupo (rádio, citado na narração) | F3: com funcionários | G3: farol | H3: pessoal do serviço | I3: passou a noite | J3: convocados | K3: chegaram bem | Q3: Casa da Costa, aqui é o farol. O pessoal do serviço passou a noite aí, como eu aconselhei. Os convocados chegaram bem? | R3: Casa da Costa, aqui é o farol! O pessoal do serviço passou a noite aí, como eu aconselhei. E os convocados, chegaram bem ou não? | S3: Casa da Costa… aqui é o farol. O pessoal do serviço… passou a noite aí. Eu aconselhei. Os convocados… chegaram bem? | T3: Casa da Costa? Aqui é o farol. O pessoal do serviço passou a noite aí, como eu aconselhei… Os convocados chegaram bem? Tomara que sim. | U3: Casa da Costa, aqui é o farol. O pessoal do serviço passou a noite aí, como eu aconselhei. Os convocados chegaram bem? | V3: Casa da Costa, aqui é o farol. Umidade aqui em cima que não acaba… O pessoal do serviço passou a noite aí, como eu aconselhei. E os convocados, chegaram bem? | W3: Casa da Costa, aqui é o farol. Para registro: o pessoal do serviço passou a noite aí, por orientação minha. Convocados: chegaram bem? | X3: =SUMPRODUCT(($G3:$P3<>"")*ISERROR(SEARCH($G3:$P3,R3)))+SUMPRODUCT(($G3:$P3<>"")*ISERROR(SEARCH($G3:$P3,S3)))+SUMPRODUCT(($G3:$P3<>"")*ISERROR(SEARCH($G3:$P3,T3)))+SUMPRODUCT(($G3:$P3<>"")*ISERROR(SEARCH($G3:$P3,U3)))+SUMPRODUCT(($G3:$P3<>"")*ISERROR(SEARCH($G3:$P3,V3)))+SUMPRODUCT(($G3:$P3<>"")*ISERROR(SEARCH($G3:$P3,W3))) | Y3: Enquadre: 'O velho rádio VHF chia. É o farol: <i>"fala"</i>'. 'Casa da Costa' é nome da casa, não de pessoa.
A4: c1-03 | B4: da cozinha, os funcionários ouvem a chegada | C4: chat | D4: voz(FUNCIONARIOS) | E4: grupo do serviço (só funcionário humano vê) | F4: com funcionários; jogador é funcionário | G4: chegou gente | H4: muita gente | I4: pela frente | Q4: Chegou gente. Muita gente, pela frente. | R4: Chegou gente! Muita gente, pela frente. Que hora para isso. | S4: Chegou gente… Muita gente. Pela frente. | T4: Chegou gente… muita gente, pela frente. Vocês ouviram também? | U4: Chegou gente. Muita gente, pela frente. | V4: Mal se enxerga com essa chuva… Chegou gente. Muita gente, pela frente. | W4: Chegou gente. Muita gente. Acesso: pela frente. | X4: =SUMPRODUCT(($G4:$P4<>"")*ISERROR(SEARCH($G4:$P4,R4)))+SUMPRODUCT(($G4:$P4<>"")*ISERROR(SEARCH($G4:$P4,S4)))+SUMPRODUCT(($G4:$P4<>"")*ISERROR(SEARCH($G4:$P4,T4)))+SUMPRODUCT(($G4:$P4<>"")*ISERROR(SEARCH($G4:$P4,U4)))+SUMPRODUCT(($G4:$P4<>"")*ISERROR(SEARCH($G4:$P4,V4)))+SUMPRODUCT(($G4:$P4<>"")*ISERROR(SEARCH($G4:$P4,W4))) | Y4: Falante pode ser homem ou mulher: sem adjetivo de gênero sobre si.
A5: c1-04 | B5: os funcionários sabem que o farol falou deles | C5: chat | D5: voz(FUNCIONARIOS.slice().reverse()) | E5: grupo do serviço (só funcionário humano vê) | F5: com funcionários; jogador é funcionário | G5: farol | H5: falou da gente | I5: rádio | J5: cozinha | Q5: O farol falou da gente no rádio. Eles vão vir para a cozinha. | R5: O farol falou da gente no rádio! Agora eles vão vir para a cozinha, era só o que faltava. | S5: O farol… falou da gente no rádio. Eles vão vir. Para a cozinha. | T5: O farol falou da gente no rádio, vocês ouviram? Eles vão vir para a cozinha… tudo bem por vocês? | U5: O farol falou da gente no rádio. Eles vão vir para a cozinha. | V5: Que demora essa noite… O farol falou da gente no rádio. Eles vão vir para a cozinha. | W5: Anoto: o farol falou da gente no rádio. Em seguida, eles vêm para a cozinha. | X5: =SUMPRODUCT(($G5:$P5<>"")*ISERROR(SEARCH($G5:$P5,R5)))+SUMPRODUCT(($G5:$P5<>"")*ISERROR(SEARCH($G5:$P5,S5)))+SUMPRODUCT(($G5:$P5<>"")*ISERROR(SEARCH($G5:$P5,T5)))+SUMPRODUCT(($G5:$P5<>"")*ISERROR(SEARCH($G5:$P5,U5)))+SUMPRODUCT(($G5:$P5<>"")*ISERROR(SEARCH($G5:$P5,V5)))+SUMPRODUCT(($G5:$P5<>"")*ISERROR(SEARCH($G5:$P5,W5)))
A6: c1-05 | B6: o grupo reage ao rádio (com funcionários) | C6: chat | D6: residente | E6: grupo | F6: com funcionários | G6: pessoal do serviço | H6: ninguém falou | I6: funcionários | Q6: Pessoal do serviço? Ninguém falou em funcionários. | R6: Pessoal do serviço?! Ninguém falou em funcionários, que história é essa? | S6: Pessoal do serviço… Ninguém falou em funcionários. | T6: Pessoal do serviço? Ninguém falou em funcionários, falou? Desculpa, posso ter perdido. | U6: Pessoal do serviço? Ninguém falou em funcionários. | V6: Pessoal do serviço? Depois de tanta estrada, a gente ouve cada coisa… Ninguém falou em funcionários. | W6: Pessoal do serviço? Ponto não previsto: ninguém falou em funcionários. | X6: =SUMPRODUCT(($G6:$P6<>"")*ISERROR(SEARCH($G6:$P6,R6)))+SUMPRODUCT(($G6:$P6<>"")*ISERROR(SEARCH($G6:$P6,S6)))+SUMPRODUCT(($G6:$P6<>"")*ISERROR(SEARCH($G6:$P6,T6)))+SUMPRODUCT(($G6:$P6<>"")*ISERROR(SEARCH($G6:$P6,U6)))+SUMPRODUCT(($G6:$P6<>"")*ISERROR(SEARCH($G6:$P6,V6)))+SUMPRODUCT(($G6:$P6<>"")*ISERROR(SEARCH($G6:$P6,W6)))
A7: c1-06 | B7: o grupo reage ao rádio (com funcionários) | C7: chat | D7: jornalista | E7: grupo | F7: com funcionários | G7: quem | H7: cozinha | Q7: Quem está na cozinha? | R7: Quem está na cozinha?! | S7: Quem… está na cozinha? | T7: Quem está na cozinha…? | U7: Quem está na cozinha? | V7: Hum… quem está na cozinha? | W7: Quem está na cozinha? | X7: =SUMPRODUCT(($G7:$P7<>"")*ISERROR(SEARCH($G7:$P7,R7)))+SUMPRODUCT(($G7:$P7<>"")*ISERROR(SEARCH($G7:$P7,S7)))+SUMPRODUCT(($G7:$P7<>"")*ISERROR(SEARCH($G7:$P7,T7)))+SUMPRODUCT(($G7:$P7<>"")*ISERROR(SEARCH($G7:$P7,U7)))+SUMPRODUCT(($G7:$P7<>"")*ISERROR(SEARCH($G7:$P7,V7)))+SUMPRODUCT(($G7:$P7<>"")*ISERROR(SEARCH($G7:$P7,W7)))
A8: c1-07 | B8: o Tabelião põe os funcionários no grupo | C8: roteiro | D8: tabeliao | E8: grupo (citado na narração) | F8: com funcionários | G8: ata | H8: todos | I8: na casa | Q8: Para a ata, todos que estão na casa. | R8: Para a ata, todos que estão na casa! Sem deixar ninguém de fora. | S8: Para a ata… todos que estão na casa. | T8: É para a ata… todos que estão na casa, certo? Ninguém fica chateado, espero. | U8: Para a ata, todos que estão na casa. Todos. | V8: Com tanta demora, melhor adiantar… Para a ata, todos que estão na casa. | W8: Para a ata: todos que estão na casa, um a um. | X8: =SUMPRODUCT(($G8:$P8<>"")*ISERROR(SEARCH($G8:$P8,R8)))+SUMPRODUCT(($G8:$P8<>"")*ISERROR(SEARCH($G8:$P8,S8)))+SUMPRODUCT(($G8:$P8<>"")*ISERROR(SEARCH($G8:$P8,T8)))+SUMPRODUCT(($G8:$P8<>"")*ISERROR(SEARCH($G8:$P8,U8)))+SUMPRODUCT(($G8:$P8<>"")*ISERROR(SEARCH($G8:$P8,V8)))+SUMPRODUCT(($G8:$P8<>"")*ISERROR(SEARCH($G8:$P8,W8))) | Y8: Enquadre: '{Tab} anotou mais N e pôs os números deles no grupo do cartório: <i>"fala"</i>'.
A9: c1-08 | B9: primeira fala do serviço no grupo | C9: chat | D9: voz(FUNCIONARIOS) = governanta | E9: grupo | F9: com funcionários; um só funcionário (casa de 8) | G9: boa noite | H9: ninguém me avisou | I9: tanta gente | Q9: Boa noite. Ninguém me avisou que vinha tanta gente. | R9: Boa noite. Ninguém me avisou que vinha tanta gente, ninguém! | S9: Boa noite. Ninguém me avisou… que vinha tanta gente. | T9: Boa noite… Ninguém me avisou que vinha tanta gente. Desculpem a surpresa. | U9: Boa noite. Ninguém me avisou que vinha tanta gente. | V9: Boa noite. Molhados da chuva, todos… Ninguém me avisou que vinha tanta gente. | W9: Boa noite. Anoto: ninguém me avisou que vinha tanta gente. | X9: =SUMPRODUCT(($G9:$P9<>"")*ISERROR(SEARCH($G9:$P9,R9)))+SUMPRODUCT(($G9:$P9<>"")*ISERROR(SEARCH($G9:$P9,S9)))+SUMPRODUCT(($G9:$P9<>"")*ISERROR(SEARCH($G9:$P9,T9)))+SUMPRODUCT(($G9:$P9<>"")*ISERROR(SEARCH($G9:$P9,U9)))+SUMPRODUCT(($G9:$P9<>"")*ISERROR(SEARCH($G9:$P9,V9)))+SUMPRODUCT(($G9:$P9<>"")*ISERROR(SEARCH($G9:$P9,W9)))
A10: c1-09 | B10: primeira fala do serviço no grupo | C10: chat | D10: voz(FUNCIONARIOS) | E10: grupo | F10: com funcionários; mais de um funcionário | G10: boa noite | H10: ninguém nos avisou | I10: tanta gente | Q10: Boa noite. Ninguém nos avisou que vinha tanta gente. | R10: Boa noite. Ninguém nos avisou que vinha tanta gente, ninguém! | S10: Boa noite. Ninguém nos avisou… que vinha tanta gente. | T10: Boa noite… Ninguém nos avisou que vinha tanta gente. Desculpem a cara de susto. | U10: Boa noite. Ninguém nos avisou que vinha tanta gente. | V10: Boa noite. Que noite úmida… Ninguém nos avisou que vinha tanta gente. | W10: Boa noite. Consta: ninguém nos avisou que vinha tanta gente. | X10: =SUMPRODUCT(($G10:$P10<>"")*ISERROR(SEARCH($G10:$P10,R10)))+SUMPRODUCT(($G10:$P10<>"")*ISERROR(SEARCH($G10:$P10,S10)))+SUMPRODUCT(($G10:$P10<>"")*ISERROR(SEARCH($G10:$P10,T10)))+SUMPRODUCT(($G10:$P10<>"")*ISERROR(SEARCH($G10:$P10,U10)))+SUMPRODUCT(($G10:$P10<>"")*ISERROR(SEARCH($G10:$P10,V10)))+SUMPRODUCT(($G10:$P10<>"")*ISERROR(SEARCH($G10:$P10,W10))) | Y10: Falante pode ser homem ou mulher.
A11: c1-10 | B11: o Policial responde ao serviço | C11: chat | D11: policial | E11: grupo | F11: com funcionários | G11: ninguém nos avisou | H11: alguém aqui | Q11: E ninguém nos avisou que tinha alguém aqui. | R11: E ninguém nos avisou que tinha alguém aqui! Bonito, hein. | S11: E ninguém nos avisou… que tinha alguém aqui. | T11: E ninguém nos avisou que tinha alguém aqui… ou fui eu que não ouvi? | U11: E ninguém nos avisou que tinha alguém aqui. | V11: A estrada, a demora, tudo atrasado… E ninguém nos avisou que tinha alguém aqui. | W11: Falha de comunicação: ninguém nos avisou que tinha alguém aqui. | X11: =SUMPRODUCT(($G11:$P11<>"")*ISERROR(SEARCH($G11:$P11,R11)))+SUMPRODUCT(($G11:$P11<>"")*ISERROR(SEARCH($G11:$P11,S11)))+SUMPRODUCT(($G11:$P11<>"")*ISERROR(SEARCH($G11:$P11,T11)))+SUMPRODUCT(($G11:$P11<>"")*ISERROR(SEARCH($G11:$P11,U11)))+SUMPRODUCT(($G11:$P11<>"")*ISERROR(SEARCH($G11:$P11,V11)))+SUMPRODUCT(($G11:$P11<>"")*ISERROR(SEARCH($G11:$P11,W11)))
A12: c1-11 | B12: o rádio do farol (casa sem funcionários) | C12: roteiro | D12: faroleiro | E12: grupo (rádio, citado na narração) | F12: sem funcionários (casa de 6) | G12: farol | H12: luz | I12: ala de serviço | J12: desde a tarde | K12: tudo bem | Q12: Casa da Costa, aqui é o farol. Vi luz na ala de serviço desde a tarde. Está tudo bem aí? | R12: Casa da Costa, aqui é o farol! Vi luz na ala de serviço desde a tarde. Está tudo bem aí ou não? | S12: Casa da Costa… aqui é o farol. Luz na ala de serviço… desde a tarde. Tudo bem aí? | T12: Casa da Costa? Aqui é o farol. Vi luz na ala de serviço desde a tarde… está tudo bem aí? Fiquei pensando. | U12: Casa da Costa, aqui é o farol. Vi luz na ala de serviço desde a tarde. Está tudo bem aí? | V12: Casa da Costa, aqui é o farol. Um frio aqui em cima que entra nos ossos… Vi luz na ala de serviço desde a tarde. Está tudo bem aí? | W12: Casa da Costa, aqui é o farol. Ocorrência: luz na ala de serviço desde a tarde. Está tudo bem aí? | X12: =SUMPRODUCT(($G12:$P12<>"")*ISERROR(SEARCH($G12:$P12,R12)))+SUMPRODUCT(($G12:$P12<>"")*ISERROR(SEARCH($G12:$P12,S12)))+SUMPRODUCT(($G12:$P12<>"")*ISERROR(SEARCH($G12:$P12,T12)))+SUMPRODUCT(($G12:$P12<>"")*ISERROR(SEARCH($G12:$P12,U12)))+SUMPRODUCT(($G12:$P12<>"")*ISERROR(SEARCH($G12:$P12,V12)))+SUMPRODUCT(($G12:$P12<>"")*ISERROR(SEARCH($G12:$P12,W12))) | Y12: Enquadre: 'O velho rádio VHF chia. É o farol: <i>"fala"</i>'.
A13: c1-12 | B13: o grupo reage ao rádio (sem funcionários) | C13: chat | D13: residente | E13: grupo | F13: sem funcionários (casa de 6) | G13: à tarde | H13: ninguém de nós | I13: ala de serviço | Q13: Chegamos à tarde, mas ninguém de nós foi até a ala de serviço. | R13: Chegamos à tarde, mas ninguém de nós foi até a ala de serviço! Ninguém. | S13: Chegamos à tarde… Ninguém de nós foi até a ala de serviço. | T13: Chegamos à tarde, mas ninguém de nós foi até a ala de serviço… não é, gente? | U13: Chegamos à tarde, mas ninguém de nós foi até a ala de serviço. | V13: A estrada estava um horror, chegamos à tarde… Mas ninguém de nós foi até a ala de serviço. | W13: Chegada: à tarde. Ninguém de nós foi até a ala de serviço. | X13: =SUMPRODUCT(($G13:$P13<>"")*ISERROR(SEARCH($G13:$P13,R13)))+SUMPRODUCT(($G13:$P13<>"")*ISERROR(SEARCH($G13:$P13,S13)))+SUMPRODUCT(($G13:$P13<>"")*ISERROR(SEARCH($G13:$P13,T13)))+SUMPRODUCT(($G13:$P13<>"")*ISERROR(SEARCH($G13:$P13,U13)))+SUMPRODUCT(($G13:$P13<>"")*ISERROR(SEARCH($G13:$P13,V13)))+SUMPRODUCT(($G13:$P13<>"")*ISERROR(SEARCH($G13:$P13,W13)))
A14: c1-13 | B14: o grupo reage ao rádio (sem funcionários) | C14: chat | D14: jornalista | E14: grupo | F14: sem funcionários (casa de 6) | G14: ala de serviço | H14: trancada | Q14: E a ala de serviço estava trancada. | R14: E a ala de serviço estava trancada! Ninguém pensou nisso? | S14: E a ala de serviço… trancada. | T14: E a ala de serviço estava trancada. Isso conta, não conta? | U14: E a ala de serviço estava trancada. | V14: Umidade nas paredes, um frio… E a ala de serviço estava trancada. | W14: Acrescente: a ala de serviço estava trancada. | X14: =SUMPRODUCT(($G14:$P14<>"")*ISERROR(SEARCH($G14:$P14,R14)))+SUMPRODUCT(($G14:$P14<>"")*ISERROR(SEARCH($G14:$P14,S14)))+SUMPRODUCT(($G14:$P14<>"")*ISERROR(SEARCH($G14:$P14,T14)))+SUMPRODUCT(($G14:$P14<>"")*ISERROR(SEARCH($G14:$P14,U14)))+SUMPRODUCT(($G14:$P14<>"")*ISERROR(SEARCH($G14:$P14,V14)))+SUMPRODUCT(($G14:$P14<>"")*ISERROR(SEARCH($G14:$P14,W14)))
A15: c1-14 | B15: a xícara no aparador (a Governanta vê primeiro) | C15: roteiro | D15: governanta | E15: grupo (citado na narração) | F15: partida com M.xicara=['governanta'] sem fala própria | G15: não é daqui | H15: louça da sala | I15: borda verde | J15: quarto dos fundos | Q15: Essa não é daqui. Não é da louça da sala. É o jogo de borda verde, o que ficava no quarto dos fundos. | R15: Essa não é daqui! Não é da louça da sala. É o jogo de borda verde, o que ficava no quarto dos fundos. | S15: Essa não é daqui… Não é da louça da sala. Borda verde… o jogo que ficava no quarto dos fundos. | T15: Essa não é daqui… Não é da louça da sala. É o jogo de borda verde, o que ficava no quarto dos fundos, não é? | U15: Essa não é daqui. Não é da louça da sala. É o jogo de borda verde, o que ficava no quarto dos fundos. Disso eu tenho certeza. | V15: Essa não é daqui. Tanta umidade, estraga tudo… Não é da louça da sala. É o jogo de borda verde, o que ficava no quarto dos fundos. | W15: Anoto: essa não é daqui. Não é da louça da sala. Jogo de borda verde, o que ficava no quarto dos fundos. | X15: =SUMPRODUCT(($G15:$P15<>"")*ISERROR(SEARCH($G15:$P15,R15)))+SUMPRODUCT(($G15:$P15<>"")*ISERROR(SEARCH($G15:$P15,S15)))+SUMPRODUCT(($G15:$P15<>"")*ISERROR(SEARCH($G15:$P15,T15)))+SUMPRODUCT(($G15:$P15<>"")*ISERROR(SEARCH($G15:$P15,U15)))+SUMPRODUCT(($G15:$P15<>"")*ISERROR(SEARCH($G15:$P15,V15)))+SUMPRODUCT(($G15:$P15<>"")*ISERROR(SEARCH($G15:$P15,W15))) | Y15: Enquadre: '{Gov} foi quem viu primeiro: <i>"fala"</i>'. Primeira de três falas seguidas (ver as duas próximas).
A16: c1-15 | B16: a xícara no aparador (a Governanta vê primeiro) | C16: roteiro | D16: policial | E16: governanta (citado na narração) | F16: partida com M.xicara=['governanta'] sem fala própria | G16: conhece bem a louça | H16: fechada | I16: cinco meses | Q16: Você conhece bem a louça de uma casa fechada há cinco meses | R16: Ora! Você conhece bem a louça de uma casa fechada há cinco meses | S16: Você conhece bem a louça… de uma casa fechada há cinco meses | T16: Você conhece bem a louça de uma casa fechada há cinco meses… que memória, não é? | U16: Você conhece bem a louça de uma casa fechada há cinco meses | V16: A senhora, com essa umidade toda, conhece bem a louça de uma casa fechada há cinco meses | W16: Anoto que você conhece bem a louça de uma casa fechada há cinco meses | X16: =SUMPRODUCT(($G16:$P16<>"")*ISERROR(SEARCH($G16:$P16,R16)))+SUMPRODUCT(($G16:$P16<>"")*ISERROR(SEARCH($G16:$P16,S16)))+SUMPRODUCT(($G16:$P16<>"")*ISERROR(SEARCH($G16:$P16,T16)))+SUMPRODUCT(($G16:$P16<>"")*ISERROR(SEARCH($G16:$P16,U16)))+SUMPRODUCT(($G16:$P16<>"")*ISERROR(SEARCH($G16:$P16,V16)))+SUMPRODUCT(($G16:$P16<>"")*ISERROR(SEARCH($G16:$P16,W16))) | Y16: Enquadre: '<i>"fala"</i>, disse {pol}.' A base não tem pontuação final porque a narração segue com vírgula; manter a versão sem ponto final se possível.
A17: c1-16 | B17: a xícara no aparador (a Governanta vê primeiro) | C17: roteiro | D17: governanta | E17: policial (citado na narração) | F17: partida com M.xicara=['governanta'] sem fala própria | G17: conheço a louça | H17: a casa | I17: já não sei | Q17: Conheço a louça. A casa, eu já não sei. | R17: Conheço a louça! A casa, eu já não sei. Satisfeito? | S17: Conheço a louça. A casa… já não sei. | T17: Conheço a louça… A casa, eu já não sei. Desculpe. | U17: Conheço a louça. A casa, eu já não sei, e me dói dizer. | V17: Ah, essa umidade… Conheço a louça. A casa, eu já não sei. | W17: Conheço a louça: confirmado. A casa, eu já não sei: sem registro. | X17: =SUMPRODUCT(($G17:$P17<>"")*ISERROR(SEARCH($G17:$P17,R17)))+SUMPRODUCT(($G17:$P17<>"")*ISERROR(SEARCH($G17:$P17,S17)))+SUMPRODUCT(($G17:$P17<>"")*ISERROR(SEARCH($G17:$P17,T17)))+SUMPRODUCT(($G17:$P17<>"")*ISERROR(SEARCH($G17:$P17,U17)))+SUMPRODUCT(($G17:$P17<>"")*ISERROR(SEARCH($G17:$P17,V17)))+SUMPRODUCT(($G17:$P17<>"")*ISERROR(SEARCH($G17:$P17,W17)))
A18: c1-17 | B18: a xícara no aparador (outro personagem vê primeiro) | C18: roteiro | D18: M.xicara[0] (observadora | governanta | herdeira | chefe_de_cozinha) | E18: grupo (citado na narração) | F18: partidas em que não vale o bloco da Governanta sem fala | G18: louça da sala | H18: outro jogo | I18: borda verde | Q18: Essa não é da louça da sala. É de outro jogo, de borda verde. | R18: Essa não é da louça da sala! É de outro jogo, de borda verde, ninguém viu? | S18: Essa não é da louça da sala… Outro jogo. Borda verde. | T18: Essa não é da louça da sala… É de outro jogo, de borda verde. Alguém mais reparou? | U18: Essa não é da louça da sala. É de outro jogo, de borda verde. | V18: Cansaço nenhum me engana: essa não é da louça da sala. É de outro jogo, de borda verde. | W18: Registre: não pertence à louça da sala. Outro jogo, borda verde. | X18: =SUMPRODUCT(($G18:$P18<>"")*ISERROR(SEARCH($G18:$P18,R18)))+SUMPRODUCT(($G18:$P18<>"")*ISERROR(SEARCH($G18:$P18,S18)))+SUMPRODUCT(($G18:$P18<>"")*ISERROR(SEARCH($G18:$P18,T18)))+SUMPRODUCT(($G18:$P18<>"")*ISERROR(SEARCH($G18:$P18,U18)))+SUMPRODUCT(($G18:$P18<>"")*ISERROR(SEARCH($G18:$P18,V18)))+SUMPRODUCT(($G18:$P18<>"")*ISERROR(SEARCH($G18:$P18,W18))) | Y18: Enquadre: '{Xq} foi quem viu primeiro: <i>"fala"</i>'. Falante varia (inclui o Chefe na P15): sem adjetivo de gênero. Nas P6/P7 segue a fala extra de MATRIZ_C1 (pendente por partida).
A19: c1-18 | B19: depois da xícara (com funcionários) | C19: chat | D19: voz(['herdeira','observadora','residente'],xq) | E19: grupo | F19: com funcionários | G19: ninguém do serviço | H19: xícara | I19: andou pela casa | J19: esta noite | Q19: Se ninguém do serviço deixou essa xícara ali, alguém andou pela casa esta noite. | R19: Se ninguém do serviço deixou essa xícara ali, alguém andou pela casa esta noite! Simples assim. | S19: Se ninguém do serviço deixou essa xícara… alguém andou pela casa. Esta noite. | T19: Se ninguém do serviço deixou essa xícara ali, então alguém andou pela casa esta noite? Que medo. | U19: Se ninguém do serviço deixou essa xícara ali, alguém andou pela casa esta noite. Na casa dele. | V19: Noite de chuva, ninguém dorme direito… Se ninguém do serviço deixou essa xícara ali, alguém andou pela casa esta noite. | W19: Hipótese: se ninguém do serviço deixou essa xícara ali, alguém andou pela casa esta noite. | X19: =SUMPRODUCT(($G19:$P19<>"")*ISERROR(SEARCH($G19:$P19,R19)))+SUMPRODUCT(($G19:$P19<>"")*ISERROR(SEARCH($G19:$P19,S19)))+SUMPRODUCT(($G19:$P19<>"")*ISERROR(SEARCH($G19:$P19,T19)))+SUMPRODUCT(($G19:$P19<>"")*ISERROR(SEARCH($G19:$P19,U19)))+SUMPRODUCT(($G19:$P19<>"")*ISERROR(SEARCH($G19:$P19,V19)))+SUMPRODUCT(($G19:$P19<>"")*ISERROR(SEARCH($G19:$P19,W19)))
A20: c1-19 | B20: depois da xícara (sem funcionários) | C20: chat | D20: voz(['herdeira','observadora','residente'],xq) | E20: grupo | F20: sem funcionários (casa de 6) | G20: xícara com café | H20: casa fechada | I20: esteve aqui hoje | Q20: Xícara com café numa casa fechada. Alguém esteve aqui hoje. | R20: Xícara com café numa casa fechada! Alguém esteve aqui hoje, é óbvio. | S20: Xícara com café… numa casa fechada. Alguém esteve aqui hoje. | T20: Uma xícara com café numa casa fechada… então alguém esteve aqui hoje, não é? | U20: Xícara com café numa casa fechada. Alguém esteve aqui hoje. | V20: Xícara com café numa casa fechada. E lá fora essa demora toda… Alguém esteve aqui hoje. | W20: Xícara com café numa casa fechada. Logo: alguém esteve aqui hoje. | X20: =SUMPRODUCT(($G20:$P20<>"")*ISERROR(SEARCH($G20:$P20,R20)))+SUMPRODUCT(($G20:$P20<>"")*ISERROR(SEARCH($G20:$P20,S20)))+SUMPRODUCT(($G20:$P20<>"")*ISERROR(SEARCH($G20:$P20,T20)))+SUMPRODUCT(($G20:$P20<>"")*ISERROR(SEARCH($G20:$P20,U20)))+SUMPRODUCT(($G20:$P20<>"")*ISERROR(SEARCH($G20:$P20,V20)))+SUMPRODUCT(($G20:$P20<>"")*ISERROR(SEARCH($G20:$P20,W20)))
A21: c1-20 | B21: o relógio bate sete horas | C21: roteiro | D21: policial | E21: grupo (citado na narração) | F21: todas as partidas exceto relogioP15 | G21: quatro minutos | H21: na frente | Q21: Está quatro minutos na frente. | R21: Está quatro minutos na frente! Quatro. | S21: Quatro minutos… na frente. | T21: Está quatro minutos na frente… isso é normal? | U21: Está quatro minutos na frente. | V21: Hum. Está quatro minutos na frente. | W21: Diferença: quatro minutos na frente. | X21: =SUMPRODUCT(($G21:$P21<>"")*ISERROR(SEARCH($G21:$P21,R21)))+SUMPRODUCT(($G21:$P21<>"")*ISERROR(SEARCH($G21:$P21,S21)))+SUMPRODUCT(($G21:$P21<>"")*ISERROR(SEARCH($G21:$P21,T21)))+SUMPRODUCT(($G21:$P21<>"")*ISERROR(SEARCH($G21:$P21,U21)))+SUMPRODUCT(($G21:$P21<>"")*ISERROR(SEARCH($G21:$P21,V21)))+SUMPRODUCT(($G21:$P21<>"")*ISERROR(SEARCH($G21:$P21,W21))) | Y21: Enquadre: '{Pol} olhou o próprio pulso: <i>"fala"</i>'.
A22: c1-21 | B22: o relógio bate sete horas | C22: roteiro | D22: herdeira | E22: policial (citado na narração) | F22: todas as partidas exceto relogioP15 | G22: sempre | H22: esteve | Q22: Sempre esteve | R22: Sempre esteve! | S22: Sempre… esteve. | T22: Sempre esteve… | U22: Sempre esteve. | V22: Bem… sempre esteve | W22: Sempre esteve. | X22: =SUMPRODUCT(($G22:$P22<>"")*ISERROR(SEARCH($G22:$P22,R22)))+SUMPRODUCT(($G22:$P22<>"")*ISERROR(SEARCH($G22:$P22,S22)))+SUMPRODUCT(($G22:$P22<>"")*ISERROR(SEARCH($G22:$P22,T22)))+SUMPRODUCT(($G22:$P22<>"")*ISERROR(SEARCH($G22:$P22,U22)))+SUMPRODUCT(($G22:$P22<>"")*ISERROR(SEARCH($G22:$P22,V22)))+SUMPRODUCT(($G22:$P22<>"")*ISERROR(SEARCH($G22:$P22,W22))) | Y22: Enquadre: '<i>"fala"</i>, disse {her}, e se arrependeu de ter dito.' A narração segue com vírgula; o deslize (conhecer o relógio) tem de ficar em todas.
A23: c1-22 | B23: o relógio bate sete horas (P15) | C23: roteiro | D23: policial | E23: grupo (citado na narração) | F23: relogioP15 (partida 15) | G23: continua | H23: quatro minutos | I23: na frente | J23: ele gostava assim | Q23: Continua quatro minutos na frente. Ele gostava assim. | R23: Continua quatro minutos na frente! Ele gostava assim, pronto. | S23: Continua… quatro minutos na frente. Ele gostava assim. | T23: Continua quatro minutos na frente… Ele gostava assim, não gostava? | U23: Continua quatro minutos na frente. Ele gostava assim, e assim deve ficar. | V23: Continua quatro minutos na frente. A gente perde a noção com esse tempo… Ele gostava assim. | W23: Continua quatro minutos na frente. Anoto: ele gostava assim. | X23: =SUMPRODUCT(($G23:$P23<>"")*ISERROR(SEARCH($G23:$P23,R23)))+SUMPRODUCT(($G23:$P23<>"")*ISERROR(SEARCH($G23:$P23,S23)))+SUMPRODUCT(($G23:$P23<>"")*ISERROR(SEARCH($G23:$P23,T23)))+SUMPRODUCT(($G23:$P23<>"")*ISERROR(SEARCH($G23:$P23,U23)))+SUMPRODUCT(($G23:$P23<>"")*ISERROR(SEARCH($G23:$P23,V23)))+SUMPRODUCT(($G23:$P23<>"")*ISERROR(SEARCH($G23:$P23,W23))) | Y23: Enquadre: '{Pol} acertou o pulso: <i>"fala"</i>'.
A24: c1-23 | B24: o relógio bate sete horas (P15) | C24: roteiro | D24: herdeira | E24: policial (citado na narração) | F24: relogioP15 (partida 15) | G24: continua | H24: você disse | I24: nunca tinha entrado aqui | Q24: Continua? Você disse que nunca tinha entrado aqui. | R24: Continua? Você disse que nunca tinha entrado aqui, ora! | S24: Continua? Você disse… que nunca tinha entrado aqui. | T24: Continua? Mas… você disse que nunca tinha entrado aqui, não disse? | U24: Continua? Você disse que nunca tinha entrado aqui. | V24: Continua? Essa chuva confunde a gente… mas você disse que nunca tinha entrado aqui. | W24: Continua? Consta que você disse que nunca tinha entrado aqui. | X24: =SUMPRODUCT(($G24:$P24<>"")*ISERROR(SEARCH($G24:$P24,R24)))+SUMPRODUCT(($G24:$P24<>"")*ISERROR(SEARCH($G24:$P24,S24)))+SUMPRODUCT(($G24:$P24<>"")*ISERROR(SEARCH($G24:$P24,T24)))+SUMPRODUCT(($G24:$P24<>"")*ISERROR(SEARCH($G24:$P24,U24)))+SUMPRODUCT(($G24:$P24<>"")*ISERROR(SEARCH($G24:$P24,V24)))+SUMPRODUCT(($G24:$P24<>"")*ISERROR(SEARCH($G24:$P24,W24))) | Y24: No código são duas citações: '<i>"Continua?"</i>, disse {her}. <i>"O senhor disse..."</i>'. Juntei numa fala; ao montar, a primeira frase (até o primeiro '?') vai antes de ', disse {her}.' e o resto depois.
A25: c1-24 | B25: o relógio bate sete horas (P15) | C25: roteiro | D25: policial | E25: herdeira (citado na narração) | F25: relogioP15 (partida 15) | G25: ouvi | H25: dizer | Q25: Ouvi dizer. | R25: Ouvi dizer! | S25: Ouvi… dizer. | T25: Ouvi dizer… | U25: Ouvi dizer. | V25: Ah… ouvi dizer. | W25: Ouvi dizer. | X25: =SUMPRODUCT(($G25:$P25<>"")*ISERROR(SEARCH($G25:$P25,R25)))+SUMPRODUCT(($G25:$P25<>"")*ISERROR(SEARCH($G25:$P25,S25)))+SUMPRODUCT(($G25:$P25<>"")*ISERROR(SEARCH($G25:$P25,T25)))+SUMPRODUCT(($G25:$P25<>"")*ISERROR(SEARCH($G25:$P25,U25)))+SUMPRODUCT(($G25:$P25<>"")*ISERROR(SEARCH($G25:$P25,V25)))+SUMPRODUCT(($G25:$P25<>"")*ISERROR(SEARCH($G25:$P25,W25)))
A26: c1-25 | B26: a Observadora se aproxima do relógio | C26: roteiro | D26: observadora | E26: grupo (citado na narração) | G26: nunca vi | H26: de perto | I26: fotografias do inventário | J26: mais bonita | Q26: Nunca vi esta peça de perto. Só pelas fotografias do inventário. É mais bonita do que parece no papel. | R26: Nunca vi esta peça de perto, só pelas fotografias do inventário! É mais bonita do que parece no papel. | S26: Nunca vi esta peça de perto… Só pelas fotografias do inventário. Mais bonita… do que no papel. | T26: Nunca vi esta peça de perto… só pelas fotografias do inventário. É mais bonita do que parece no papel, não acham? | U26: Nunca vi esta peça de perto. Só pelas fotografias do inventário. É mais bonita do que parece no papel. | V26: Que cansaço, esta noite… Nunca vi esta peça de perto. Só pelas fotografias do inventário. É mais bonita do que parece no papel. | W26: Nunca vi esta peça de perto. Só pelas fotografias do inventário. Nota: mais bonita do que parece no papel. | X26: =SUMPRODUCT(($G26:$P26<>"")*ISERROR(SEARCH($G26:$P26,R26)))+SUMPRODUCT(($G26:$P26<>"")*ISERROR(SEARCH($G26:$P26,S26)))+SUMPRODUCT(($G26:$P26<>"")*ISERROR(SEARCH($G26:$P26,T26)))+SUMPRODUCT(($G26:$P26<>"")*ISERROR(SEARCH($G26:$P26,U26)))+SUMPRODUCT(($G26:$P26<>"")*ISERROR(SEARCH($G26:$P26,V26)))+SUMPRODUCT(($G26:$P26<>"")*ISERROR(SEARCH($G26:$P26,W26))) | Y26: Enquadre: '{Obs} se aproximou do móvel com as mãos para trás, como se tivesse medo de tocar. <i>"fala"</i>'.
A27: c1-26 | B27: depois do relógio | C27: chat | D27: voz(['jornalista','residente','herdeira']) | E27: grupo | G27: relógio de corda | H27: sozinho | I27: anotem | Q27: Relógio de corda andando sozinho. Anotem isso. | R27: Relógio de corda andando sozinho! Anotem isso. | S27: Relógio de corda… andando sozinho. Anotem. | T27: Relógio de corda andando sozinho… Anotem isso, por favor? Que esquisito. | U27: Relógio de corda andando sozinho. Anotem isso. | V27: Relógio de corda andando sozinho. Tanta demora pra chegar, e agora isso… Anotem isso. | W27: Item para a ata: relógio de corda andando sozinho. Anotem. | X27: =SUMPRODUCT(($G27:$P27<>"")*ISERROR(SEARCH($G27:$P27,R27)))+SUMPRODUCT(($G27:$P27<>"")*ISERROR(SEARCH($G27:$P27,S27)))+SUMPRODUCT(($G27:$P27<>"")*ISERROR(SEARCH($G27:$P27,T27)))+SUMPRODUCT(($G27:$P27<>"")*ISERROR(SEARCH($G27:$P27,U27)))+SUMPRODUCT(($G27:$P27<>"")*ISERROR(SEARCH($G27:$P27,V27)))+SUMPRODUCT(($G27:$P27<>"")*ISERROR(SEARCH($G27:$P27,W27)))
A28: c1-27 | B28: o Porto da adega (deslize de quem voltou) | C28: roteiro | D28: chefe_de_cozinha | E28: grupo (citado na narração) | F28: M.voltou[1]==='porto' (partidas 8 e 12) | G28: levaram o porto | H28: depois do enterro | I28: três garrafas | J28: oitenta e dois | Q28: Levaram o Porto. Depois do enterro ainda tinha três garrafas de oitenta e dois. | R28: Levaram o Porto! Depois do enterro ainda tinha três garrafas de oitenta e dois. | S28: Levaram o Porto… Depois do enterro… ainda tinha três garrafas. De oitenta e dois. | T28: Levaram o Porto… Depois do enterro ainda tinha três garrafas de oitenta e dois, não tinha? | U28: Levaram o Porto. Depois do enterro ainda tinha três garrafas de oitenta e dois. | V28: Levaram o Porto. Adega fria, úmida… Depois do enterro ainda tinha três garrafas de oitenta e dois. | W28: Levaram o Porto. Depois do enterro, constavam ainda três garrafas de oitenta e dois. | X28: =SUMPRODUCT(($G28:$P28<>"")*ISERROR(SEARCH($G28:$P28,R28)))+SUMPRODUCT(($G28:$P28<>"")*ISERROR(SEARCH($G28:$P28,S28)))+SUMPRODUCT(($G28:$P28<>"")*ISERROR(SEARCH($G28:$P28,T28)))+SUMPRODUCT(($G28:$P28<>"")*ISERROR(SEARCH($G28:$P28,U28)))+SUMPRODUCT(($G28:$P28<>"")*ISERROR(SEARCH($G28:$P28,V28)))+SUMPRODUCT(($G28:$P28<>"")*ISERROR(SEARCH($G28:$P28,W28))) | Y28: Enquadre: '{Che} tinha ido à adega... Voltou com duas garrafas e uma cara estranha: <i>"fala"</i>'. O deslize (saber o que havia depois do enterro) fica em todas.
A29: c1-28 | B29: o Porto da adega (deslize de quem voltou) | C29: roteiro | D29: investigador | E29: chefe_de_cozinha (citado na narração) | F29: M.voltou[1]==='porto' (partidas 8 e 12) | G29: depois do enterro | H29: lacrada | I29: como o senhor sabe | Q29: Depois do enterro a casa já estava lacrada. Como é que você sabe? | R29: Depois do enterro a casa já estava lacrada! Como é que você sabe, hein? | S29: Depois do enterro… a casa já estava lacrada. Como é que você sabe? | T29: Mas depois do enterro a casa já estava lacrada, não estava? Como é que você sabe? | U29: Depois do enterro a casa já estava lacrada. Como é que você sabe? | V29: Pois é, a demora toda… Depois do enterro a casa já estava lacrada. Como é que você sabe? | W29: Data: depois do enterro, a casa já estava lacrada. Como é que você sabe? | X29: =SUMPRODUCT(($G29:$P29<>"")*ISERROR(SEARCH($G29:$P29,R29)))+SUMPRODUCT(($G29:$P29<>"")*ISERROR(SEARCH($G29:$P29,S29)))+SUMPRODUCT(($G29:$P29<>"")*ISERROR(SEARCH($G29:$P29,T29)))+SUMPRODUCT(($G29:$P29<>"")*ISERROR(SEARCH($G29:$P29,U29)))+SUMPRODUCT(($G29:$P29<>"")*ISERROR(SEARCH($G29:$P29,V29)))+SUMPRODUCT(($G29:$P29<>"")*ISERROR(SEARCH($G29:$P29,W29))) | Y29: Enquadre: '<i>"fala"</i>, perguntou {inv}.'
A30: c1-29 | B30: a maçaneta desce por dentro | C30: roteiro | D30: eletricista | residente (o Eletricista se estiver na casa) | E30: grupo (citado na narração) | G30: porta | H30: não tem mola | Q30: Essa porta não tem mola. | R30: Essa porta não tem mola. Não tem. | S30: Essa porta… não tem mola. | T30: Essa porta não tem mola… sabiam? | U30: Essa porta não tem mola. | V30: Cansaço à parte… essa porta não tem mola. | W30: Anoto: essa porta não tem mola. | X30: =SUMPRODUCT(($G30:$P30<>"")*ISERROR(SEARCH($G30:$P30,R30)))+SUMPRODUCT(($G30:$P30<>"")*ISERROR(SEARCH($G30:$P30,S30)))+SUMPRODUCT(($G30:$P30<>"")*ISERROR(SEARCH($G30:$P30,T30)))+SUMPRODUCT(($G30:$P30<>"")*ISERROR(SEARCH($G30:$P30,U30)))+SUMPRODUCT(($G30:$P30<>"")*ISERROR(SEARCH($G30:$P30,V30)))+SUMPRODUCT(($G30:$P30<>"")*ISERROR(SEARCH($G30:$P30,W30))) | Y30: Enquadre: '{X} foi o primeiro a falar, e falou baixo: <i>"fala"</i>'. A narração diz 'falou baixo' para qualquer tipo; o explosivo fica em tensão com isso (ver dúvidas).
A31: c1-30 | B31: depois da maçaneta | C31: chat | D31: voz(['policial','residente']) | E31: grupo | G31: ninguém | H31: aquela porta | I31: sozinho | Q31: Ninguém vai até aquela porta sozinho. | R31: Ninguém vai até aquela porta sozinho! Nem pensar. | S31: Ninguém vai… até aquela porta. Sozinho, não. | T31: Ninguém vai até aquela porta sozinho, tá? É mais seguro assim. | U31: Ninguém vai até aquela porta sozinho. | V31: Com esse cansaço todo… ninguém vai até aquela porta sozinho. | W31: Norma a partir de agora: ninguém vai até aquela porta sozinho. | X31: =SUMPRODUCT(($G31:$P31<>"")*ISERROR(SEARCH($G31:$P31,R31)))+SUMPRODUCT(($G31:$P31<>"")*ISERROR(SEARCH($G31:$P31,S31)))+SUMPRODUCT(($G31:$P31<>"")*ISERROR(SEARCH($G31:$P31,T31)))+SUMPRODUCT(($G31:$P31<>"")*ISERROR(SEARCH($G31:$P31,U31)))+SUMPRODUCT(($G31:$P31<>"")*ISERROR(SEARCH($G31:$P31,V31)))+SUMPRODUCT(($G31:$P31<>"")*ISERROR(SEARCH($G31:$P31,W31)))
A32: c1-31 | B32: depois da maçaneta | C32: privado | D32: voz(['herdeira','jornalista','observadora'],M.macaneta) | E32: jogador no privado | G32: você viu | H32: aquela porta | I32: antes | Q32: Você viu quem foi até aquela porta antes? | R32: E aí, você viu quem foi até aquela porta antes ou não? | S32: Você viu… quem foi até aquela porta? Antes. | T32: Desculpa perguntar… você viu quem foi até aquela porta antes? | U32: Você viu quem foi até aquela porta antes? | V32: Que noite, essa chuva não para… Aliás, você viu quem foi até aquela porta antes? | W32: Ponto a esclarecer: você viu quem foi até aquela porta antes? | X32: =SUMPRODUCT(($G32:$P32<>"")*ISERROR(SEARCH($G32:$P32,R32)))+SUMPRODUCT(($G32:$P32<>"")*ISERROR(SEARCH($G32:$P32,S32)))+SUMPRODUCT(($G32:$P32<>"")*ISERROR(SEARCH($G32:$P32,T32)))+SUMPRODUCT(($G32:$P32<>"")*ISERROR(SEARCH($G32:$P32,U32)))+SUMPRODUCT(($G32:$P32<>"")*ISERROR(SEARCH($G32:$P32,V32)))+SUMPRODUCT(($G32:$P32<>"")*ISERROR(SEARCH($G32:$P32,W32)))
A33: c1-32 | B33: resposta a 'Quem chegou primeiro?' | C33: resposta | D33: voz(['residente','herdeira']) | E33: grupo | G33: ninguém sabe | H33: cada um | I33: já tinha gente aqui | Q33: Ninguém sabe. Cada um achou que já tinha gente aqui. | R33: Ninguém sabe! Cada um achou que já tinha gente aqui, que bagunça. | S33: Ninguém sabe… Cada um achou… que já tinha gente aqui. | T33: Ninguém sabe… cada um achou que já tinha gente aqui. Eu também, desculpa. | U33: Ninguém sabe. Cada um achou que já tinha gente aqui. | V33: Com essa chuva e essa demora… ninguém sabe. Cada um achou que já tinha gente aqui. | W33: Ninguém sabe. Consta que cada um achou que já tinha gente aqui. | X33: =SUMPRODUCT(($G33:$P33<>"")*ISERROR(SEARCH($G33:$P33,R33)))+SUMPRODUCT(($G33:$P33<>"")*ISERROR(SEARCH($G33:$P33,S33)))+SUMPRODUCT(($G33:$P33<>"")*ISERROR(SEARCH($G33:$P33,T33)))+SUMPRODUCT(($G33:$P33<>"")*ISERROR(SEARCH($G33:$P33,U33)))+SUMPRODUCT(($G33:$P33<>"")*ISERROR(SEARCH($G33:$P33,V33)))+SUMPRODUCT(($G33:$P33<>"")*ISERROR(SEARCH($G33:$P33,W33)))
A34: c1-33 | B34: resposta a 'De quem é a xícara com café?' | C34: resposta | D34: voz(['herdeira','residente','jornalista'],xq) | E34: grupo | G34: ninguém assumiu | H34: até agora | Q34: Ninguém assumiu até agora. | R34: Ninguém assumiu até agora! Que coragem a de vocês. | S34: Ninguém assumiu… até agora. | T34: Ninguém assumiu até agora… será que vai? | U34: Ninguém assumiu até agora. | V34: Bom… ninguém assumiu até agora. | W34: Ninguém assumiu até agora. Autoria: não registrada. | X34: =SUMPRODUCT(($G34:$P34<>"")*ISERROR(SEARCH($G34:$P34,R34)))+SUMPRODUCT(($G34:$P34<>"")*ISERROR(SEARCH($G34:$P34,S34)))+SUMPRODUCT(($G34:$P34<>"")*ISERROR(SEARCH($G34:$P34,T34)))+SUMPRODUCT(($G34:$P34<>"")*ISERROR(SEARCH($G34:$P34,U34)))+SUMPRODUCT(($G34:$P34<>"")*ISERROR(SEARCH($G34:$P34,V34)))+SUMPRODUCT(($G34:$P34<>"")*ISERROR(SEARCH($G34:$P34,W34)))
A35: c1-34 | B35: resposta a 'O relógio não devia estar parado?' | C35: resposta | D35: voz(['policial','residente']) | E35: grupo | G35: devia | H35: adiantado | Q35: Devia. E ainda está adiantado. | R35: Devia! E ainda por cima está adiantado. | S35: Devia… E ainda adiantado. | T35: Devia, não devia? E ainda está adiantado… | U35: Devia. E ainda está adiantado. | V35: Devia. E, com essa umidade toda, ainda está adiantado. | W35: Devia. Anoto: ainda está adiantado. | X35: =SUMPRODUCT(($G35:$P35<>"")*ISERROR(SEARCH($G35:$P35,R35)))+SUMPRODUCT(($G35:$P35<>"")*ISERROR(SEARCH($G35:$P35,S35)))+SUMPRODUCT(($G35:$P35<>"")*ISERROR(SEARCH($G35:$P35,T35)))+SUMPRODUCT(($G35:$P35<>"")*ISERROR(SEARCH($G35:$P35,U35)))+SUMPRODUCT(($G35:$P35<>"")*ISERROR(SEARCH($G35:$P35,V35)))+SUMPRODUCT(($G35:$P35<>"")*ISERROR(SEARCH($G35:$P35,W35)))
A36: c1-35 | B36: resposta a 'Quem estava perto do quarto de serviço?' | C36: resposta | D36: voz(['jornalista','herdeira','policial','residente'],M.macaneta) | E36: grupo | G36: sala do relógio | H36: com todos | I36: não vi ninguém sair | Q36: Eu estava na sala do relógio, com todos. Não vi ninguém sair. | R36: Eu estava na sala do relógio, com todos! Não vi ninguém sair, de novo isso? | S36: Eu estava na sala do relógio… com todos. Não vi ninguém sair. | T36: Eu estava na sala do relógio, com todos… Não vi ninguém sair. Alguém viu? | U36: Eu estava na sala do relógio, com todos. Não vi ninguém sair. | V36: Com essa chuva lá fora… Eu estava na sala do relógio, com todos. Não vi ninguém sair. | W36: Local: sala do relógio, com todos. Não vi ninguém sair. | X36: =SUMPRODUCT(($G36:$P36<>"")*ISERROR(SEARCH($G36:$P36,R36)))+SUMPRODUCT(($G36:$P36<>"")*ISERROR(SEARCH($G36:$P36,S36)))+SUMPRODUCT(($G36:$P36<>"")*ISERROR(SEARCH($G36:$P36,T36)))+SUMPRODUCT(($G36:$P36<>"")*ISERROR(SEARCH($G36:$P36,U36)))+SUMPRODUCT(($G36:$P36<>"")*ISERROR(SEARCH($G36:$P36,V36)))+SUMPRODUCT(($G36:$P36<>"")*ISERROR(SEARCH($G36:$P36,W36)))
A37: c1-36 | B37: resposta a 'A xícara prova que alguém mora aqui.' | C37: resposta | D37: voz(['observadora','herdeira']) | E37: grupo | G37: ou que | H37: esteve aqui hoje | Q37: Ou que alguém esteve aqui hoje. | R37: Ou que alguém esteve aqui hoje, ora! | S37: Ou que… alguém esteve aqui hoje. | T37: Ou que alguém esteve aqui hoje, não? | U37: Ou que alguém esteve aqui hoje. | V37: Ou que alguém esteve aqui hoje. | W37: Ou que alguém esteve aqui hoje. Segunda hipótese. | X37: =SUMPRODUCT(($G37:$P37<>"")*ISERROR(SEARCH($G37:$P37,R37)))+SUMPRODUCT(($G37:$P37<>"")*ISERROR(SEARCH($G37:$P37,S37)))+SUMPRODUCT(($G37:$P37<>"")*ISERROR(SEARCH($G37:$P37,T37)))+SUMPRODUCT(($G37:$P37<>"")*ISERROR(SEARCH($G37:$P37,U37)))+SUMPRODUCT(($G37:$P37<>"")*ISERROR(SEARCH($G37:$P37,V37)))+SUMPRODUCT(($G37:$P37<>"")*ISERROR(SEARCH($G37:$P37,W37)))
A38: c1-37 | B38: resposta a 'Alguém dá corda no relógio. Isso prova.' | C38: resposta | D38: voz(['residente','policial']) | E38: grupo | G38: relógio de corda | H38: cinco meses | I38: sozinho | Q38: Relógio de corda não anda cinco meses sozinho. | R38: Relógio de corda não anda cinco meses sozinho! Por favor. | S38: Relógio de corda… não anda cinco meses sozinho. | T38: Relógio de corda não anda cinco meses sozinho… anda? | U38: Relógio de corda não anda cinco meses sozinho. | V38: Essa umidade estraga tudo, mas relógio de corda não anda cinco meses sozinho. | W38: Fato técnico: relógio de corda não anda cinco meses sozinho. | X38: =SUMPRODUCT(($G38:$P38<>"")*ISERROR(SEARCH($G38:$P38,R38)))+SUMPRODUCT(($G38:$P38<>"")*ISERROR(SEARCH($G38:$P38,S38)))+SUMPRODUCT(($G38:$P38<>"")*ISERROR(SEARCH($G38:$P38,T38)))+SUMPRODUCT(($G38:$P38<>"")*ISERROR(SEARCH($G38:$P38,U38)))+SUMPRODUCT(($G38:$P38<>"")*ISERROR(SEARCH($G38:$P38,V38)))+SUMPRODUCT(($G38:$P38<>"")*ISERROR(SEARCH($G38:$P38,W38)))
A39: c1-38 | B39: resposta a 'Vamos ficar juntos.' | C39: resposta | D39: voz(['policial','herdeira']) | E39: grupo | G39: concordo | Q39: Concordo. | R39: Concordo! | S39: …concordo. | T39: Concordo… | U39: Concordo. | V39: Concordo. | W39: Concordo. | X39: =SUMPRODUCT(($G39:$P39<>"")*ISERROR(SEARCH($G39:$P39,R39)))+SUMPRODUCT(($G39:$P39<>"")*ISERROR(SEARCH($G39:$P39,S39)))+SUMPRODUCT(($G39:$P39<>"")*ISERROR(SEARCH($G39:$P39,T39)))+SUMPRODUCT(($G39:$P39<>"")*ISERROR(SEARCH($G39:$P39,U39)))+SUMPRODUCT(($G39:$P39<>"")*ISERROR(SEARCH($G39:$P39,V39)))+SUMPRODUCT(($G39:$P39<>"")*ISERROR(SEARCH($G39:$P39,W39))) | Y39: 'juntos' vem da pergunta do jogador; repete o que foi proposto, não acrescenta fato.
A40: c1-39 | B40: resposta a 'Por que ninguém avisou que havia funcionários?' | C40: resposta | D40: voz(FUNCIONARIOS) = governanta | E40: grupo | F40: com funcionários; um só funcionário (casa de 8) | G40: chamada | H40: preparar a casa | I40: ninguém disse para quem | Q40: Fui chamada para preparar a casa. Ninguém disse para quem. | R40: Fui chamada para preparar a casa! Ninguém disse para quem, querem o quê? | S40: Fui chamada… para preparar a casa. Ninguém disse para quem. | T40: Fui chamada para preparar a casa, só isso… ninguém disse para quem, desculpem. | U40: Fui chamada para preparar a casa, e a casa merece. Ninguém disse para quem. | V40: Fui chamada para preparar a casa. A estrada até aqui, um sofrimento… Ninguém disse para quem. | W40: Consta: fui chamada para preparar a casa. Ninguém disse para quem. | X40: =SUMPRODUCT(($G40:$P40<>"")*ISERROR(SEARCH($G40:$P40,R40)))+SUMPRODUCT(($G40:$P40<>"")*ISERROR(SEARCH($G40:$P40,S40)))+SUMPRODUCT(($G40:$P40<>"")*ISERROR(SEARCH($G40:$P40,T40)))+SUMPRODUCT(($G40:$P40<>"")*ISERROR(SEARCH($G40:$P40,U40)))+SUMPRODUCT(($G40:$P40<>"")*ISERROR(SEARCH($G40:$P40,V40)))+SUMPRODUCT(($G40:$P40<>"")*ISERROR(SEARCH($G40:$P40,W40)))
A41: c1-40 | B41: resposta a 'Por que ninguém avisou que havia funcionários?' | C41: resposta | D41: voz(FUNCIONARIOS) | E41: grupo | F41: com funcionários; mais de um funcionário | G41: chamados | H41: preparar a casa | I41: ninguém disse para quem | Q41: Fomos chamados para preparar a casa. Ninguém disse para quem. | R41: Fomos chamados para preparar a casa! Ninguém disse para quem. Mais alguma pergunta? | S41: Fomos chamados… para preparar a casa. Ninguém disse para quem. | T41: Fomos chamados para preparar a casa, só isso… ninguém disse para quem. Desculpem. | U41: Fomos chamados para preparar a casa, e a casa merece cuidado. Ninguém disse para quem. | V41: Quanta demora pra chegar até aqui… Fomos chamados para preparar a casa. Ninguém disse para quem. | W41: Motivo da presença: fomos chamados para preparar a casa. Ninguém disse para quem. | X41: =SUMPRODUCT(($G41:$P41<>"")*ISERROR(SEARCH($G41:$P41,R41)))+SUMPRODUCT(($G41:$P41<>"")*ISERROR(SEARCH($G41:$P41,S41)))+SUMPRODUCT(($G41:$P41<>"")*ISERROR(SEARCH($G41:$P41,T41)))+SUMPRODUCT(($G41:$P41<>"")*ISERROR(SEARCH($G41:$P41,U41)))+SUMPRODUCT(($G41:$P41<>"")*ISERROR(SEARCH($G41:$P41,V41)))+SUMPRODUCT(($G41:$P41<>"")*ISERROR(SEARCH($G41:$P41,W41))) | Y41: 'chamados' é plural genérico do código; o falante pode ser homem ou mulher.
A42: c1-41 | B42: privado: 'Você viu alguém chegar antes?' | C42: resposta | D42: personagem com quem o jogador fala no privado (varia) | E42: jogador no privado | G42: não | H42: essa chuva | I42: ninguém viu nada | Q42: Não. Com essa chuva, ninguém viu nada. | R42: Não! Com essa chuva, ninguém viu nada. Pergunta melhor. | S42: Não… Com essa chuva… ninguém viu nada. | T42: Não… com essa chuva, ninguém viu nada. Que pena. | U42: Não. Com essa chuva, ninguém viu nada. | V42: Ah, a estrada estava um horror… Não. Com essa chuva, ninguém viu nada. | W42: Não. Motivo: com essa chuva, ninguém viu nada. | X42: =SUMPRODUCT(($G42:$P42<>"")*ISERROR(SEARCH($G42:$P42,R42)))+SUMPRODUCT(($G42:$P42<>"")*ISERROR(SEARCH($G42:$P42,S42)))+SUMPRODUCT(($G42:$P42<>"")*ISERROR(SEARCH($G42:$P42,T42)))+SUMPRODUCT(($G42:$P42<>"")*ISERROR(SEARCH($G42:$P42,U42)))+SUMPRODUCT(($G42:$P42<>"")*ISERROR(SEARCH($G42:$P42,V42)))+SUMPRODUCT(($G42:$P42<>"")*ISERROR(SEARCH($G42:$P42,W42))) | Y42: Falante varia: sem adjetivo de gênero.
A43: c1-42 | B43: privado: 'Você reconheceu aquela xícara?' | C43: resposta | D43: personagem com quem o jogador fala no privado (varia) | E43: jogador no privado | G43: não | H43: louça da sala | Q43: Não. Mas não é da louça da sala. | R43: Não! Mas não é da louça da sala, isso eu garanto. | S43: Não… Mas não é da louça da sala. | T43: Não… mas não é da louça da sala. Disso eu lembro, viu? | U43: Não. Mas não é da louça da sala, isso posso afirmar. | V43: Que cansaço… Não. Mas não é da louça da sala. | W43: Não. Observação: não é da louça da sala. | X43: =SUMPRODUCT(($G43:$P43<>"")*ISERROR(SEARCH($G43:$P43,R43)))+SUMPRODUCT(($G43:$P43<>"")*ISERROR(SEARCH($G43:$P43,S43)))+SUMPRODUCT(($G43:$P43<>"")*ISERROR(SEARCH($G43:$P43,T43)))+SUMPRODUCT(($G43:$P43<>"")*ISERROR(SEARCH($G43:$P43,U43)))+SUMPRODUCT(($G43:$P43<>"")*ISERROR(SEARCH($G43:$P43,V43)))+SUMPRODUCT(($G43:$P43<>"")*ISERROR(SEARCH($G43:$P43,W43))) | Y43: Falante varia: sem adjetivo de gênero.
A44: c1-43 | B44: privado: 'Você ouviu a maçaneta?' | C44: resposta | D44: personagem com quem o jogador fala no privado (varia) | E44: jogador no privado | G44: ouvi | H44: de dentro | Q44: Ouvi. Veio de dentro. | R44: Ouvi. Veio de dentro! | S44: Ouvi… Veio de dentro. | T44: Ouvi. Veio de dentro… | U44: Ouvi. Veio de dentro. | V44: Hum… ouvi. Veio de dentro. | W44: Ouvi. Veio de dentro. | X44: =SUMPRODUCT(($G44:$P44<>"")*ISERROR(SEARCH($G44:$P44,R44)))+SUMPRODUCT(($G44:$P44<>"")*ISERROR(SEARCH($G44:$P44,S44)))+SUMPRODUCT(($G44:$P44<>"")*ISERROR(SEARCH($G44:$P44,T44)))+SUMPRODUCT(($G44:$P44<>"")*ISERROR(SEARCH($G44:$P44,U44)))+SUMPRODUCT(($G44:$P44<>"")*ISERROR(SEARCH($G44:$P44,V44)))+SUMPRODUCT(($G44:$P44<>"")*ISERROR(SEARCH($G44:$P44,W44))) | Y44: Falante varia.
A45: c1-44 | B45: privado: 'Não confio em ninguém aqui.' | C45: resposta | D45: personagem com quem o jogador fala no privado (varia) | E45: jogador no privado | G45: nem eu | Q45: Nem eu. | R45: Nem eu! | S45: … Nem eu. | T45: Nem eu… | U45: Nem eu. | V45: Bem… nem eu. | W45: Nem eu. | X45: =SUMPRODUCT(($G45:$P45<>"")*ISERROR(SEARCH($G45:$P45,R45)))+SUMPRODUCT(($G45:$P45<>"")*ISERROR(SEARCH($G45:$P45,S45)))+SUMPRODUCT(($G45:$P45<>"")*ISERROR(SEARCH($G45:$P45,T45)))+SUMPRODUCT(($G45:$P45<>"")*ISERROR(SEARCH($G45:$P45,U45)))+SUMPRODUCT(($G45:$P45<>"")*ISERROR(SEARCH($G45:$P45,V45)))+SUMPRODUCT(($G45:$P45<>"")*ISERROR(SEARCH($G45:$P45,W45))) | Y45: 'ninguém' vem da frase do jogador; não acrescenta fato.
A46: c1-45 | B46: debate: o que prova que alguém mora aqui (xícara, com funcionários) | C46: resposta | D46: voz(['residente','herdeira','jornalista']) | E46: grupo (debate) | F46: com funcionários | G46: xícara | H46: recolhida ontem à noite | I46: café frio | J46: não é da sala | Q46: A xícara. A louça foi recolhida ontem à noite, e hoje tinha café frio numa xícara que não é da sala. | R46: A xícara! A louça foi recolhida ontem à noite, e hoje tinha café frio numa xícara que não é da sala. Precisa mais? | S46: A xícara… A louça, recolhida ontem à noite. E hoje… café frio numa xícara que não é da sala. | T46: A xícara, não é? A louça foi recolhida ontem à noite, e hoje tinha café frio numa xícara que não é da sala… | U46: A xícara. A louça foi recolhida ontem à noite, e hoje tinha café frio numa xícara que não é da sala. | V46: A xícara. A louça foi recolhida ontem à noite, com aquela chuva, e hoje tinha café frio numa xícara que não é da sala. | W46: Item um: a xícara. Louça recolhida ontem à noite. Hoje, café frio numa xícara que não é da sala. | X46: =SUMPRODUCT(($G46:$P46<>"")*ISERROR(SEARCH($G46:$P46,R46)))+SUMPRODUCT(($G46:$P46<>"")*ISERROR(SEARCH($G46:$P46,S46)))+SUMPRODUCT(($G46:$P46<>"")*ISERROR(SEARCH($G46:$P46,T46)))+SUMPRODUCT(($G46:$P46<>"")*ISERROR(SEARCH($G46:$P46,U46)))+SUMPRODUCT(($G46:$P46<>"")*ISERROR(SEARCH($G46:$P46,V46)))+SUMPRODUCT(($G46:$P46<>"")*ISERROR(SEARCH($G46:$P46,W46)))
A47: c1-46 | B47: debate: o que prova que alguém mora aqui (xícara, sem funcionários) | C47: resposta | D47: voz(['residente','herdeira','jornalista']) | E47: grupo (debate) | F47: sem funcionários (casa de 6) | G47: xícara com café | H47: fechada | I47: cinco meses | Q47: A xícara com café. A casa estava fechada havia cinco meses. | R47: A xícara com café! A casa estava fechada havia cinco meses. Precisa desenhar? | S47: A xícara com café… A casa, fechada havia cinco meses. | T47: A xícara com café, não é? A casa estava fechada havia cinco meses… | U47: A xícara com café. A casa dele estava fechada havia cinco meses. | V47: Frio de casa vazia… A xícara com café. A casa estava fechada havia cinco meses. | W47: Item um: a xícara com café. A casa estava fechada havia cinco meses. | X47: =SUMPRODUCT(($G47:$P47<>"")*ISERROR(SEARCH($G47:$P47,R47)))+SUMPRODUCT(($G47:$P47<>"")*ISERROR(SEARCH($G47:$P47,S47)))+SUMPRODUCT(($G47:$P47<>"")*ISERROR(SEARCH($G47:$P47,T47)))+SUMPRODUCT(($G47:$P47<>"")*ISERROR(SEARCH($G47:$P47,U47)))+SUMPRODUCT(($G47:$P47<>"")*ISERROR(SEARCH($G47:$P47,V47)))+SUMPRODUCT(($G47:$P47<>"")*ISERROR(SEARCH($G47:$P47,W47)))
A48: c1-47 | B48: debate: o que prova que alguém mora aqui (relógio) | C48: resposta | D48: voz(['policial','observadora','tabeliao']) | E48: grupo (debate) | G48: relógio de corda | H48: cinco meses | I48: sozinho | J48: dá corda | Q48: O relógio. Relógio de corda não anda cinco meses sozinho. Alguém dá corda nele. | R48: O relógio! Relógio de corda não anda cinco meses sozinho. Alguém dá corda nele, simples. | S48: O relógio… Relógio de corda não anda cinco meses sozinho. Alguém dá corda nele. | T48: O relógio! Relógio de corda não anda cinco meses sozinho… então alguém dá corda nele. Que coisa. | U48: O relógio. Relógio de corda não anda cinco meses sozinho. Alguém dá corda nele. | V48: O relógio. Essa umidade enferruja tudo, e mesmo assim… relógio de corda não anda cinco meses sozinho. Alguém dá corda nele. | W48: Item dois: o relógio. Relógio de corda não anda cinco meses sozinho. Conclusão: alguém dá corda nele. | X48: =SUMPRODUCT(($G48:$P48<>"")*ISERROR(SEARCH($G48:$P48,R48)))+SUMPRODUCT(($G48:$P48<>"")*ISERROR(SEARCH($G48:$P48,S48)))+SUMPRODUCT(($G48:$P48<>"")*ISERROR(SEARCH($G48:$P48,T48)))+SUMPRODUCT(($G48:$P48<>"")*ISERROR(SEARCH($G48:$P48,U48)))+SUMPRODUCT(($G48:$P48<>"")*ISERROR(SEARCH($G48:$P48,V48)))+SUMPRODUCT(($G48:$P48<>"")*ISERROR(SEARCH($G48:$P48,W48)))
A49: c1-48 | B49: debate: o que prova que alguém mora aqui (maçaneta) | C49: resposta | D49: voz(['jornalista','advogado','herdeira','residente'], exceto quem falou da xícara) | E49: grupo (debate) | G49: maçaneta | H49: por dentro | I49: não tem mola | J49: naquele quarto | Q49: A maçaneta. Desceu por dentro, e a porta não tem mola. Tem alguém naquele quarto. | R49: A maçaneta! Desceu por dentro, e a porta não tem mola. Tem alguém naquele quarto, quantas provas mais? | S49: A maçaneta… Desceu por dentro. A porta não tem mola. Tem alguém… naquele quarto. | T49: A maçaneta, não é? Desceu por dentro, e a porta não tem mola… então tem alguém naquele quarto? | U49: A maçaneta. Desceu por dentro, e a porta não tem mola. Tem alguém naquele quarto. | V49: Noite comprida, essa… A maçaneta. Desceu por dentro, e a porta não tem mola. Tem alguém naquele quarto. | W49: Item três: a maçaneta. Desceu por dentro; a porta não tem mola. Conclusão: tem alguém naquele quarto. | X49: =SUMPRODUCT(($G49:$P49<>"")*ISERROR(SEARCH($G49:$P49,R49)))+SUMPRODUCT(($G49:$P49<>"")*ISERROR(SEARCH($G49:$P49,S49)))+SUMPRODUCT(($G49:$P49<>"")*ISERROR(SEARCH($G49:$P49,T49)))+SUMPRODUCT(($G49:$P49<>"")*ISERROR(SEARCH($G49:$P49,U49)))+SUMPRODUCT(($G49:$P49<>"")*ISERROR(SEARCH($G49:$P49,V49)))+SUMPRODUCT(($G49:$P49<>"")*ISERROR(SEARCH($G49:$P49,W49)))
A50: c1-39m | B50: resposta a 'Por que ninguém avisou que havia funcionários?' | C50: resposta | D50: voz(FUNCIONARIOS) = governanta | E50: grupo | F50: com funcionários; um só funcionário (casa de 8) | G50: chamado | H50: preparar a casa | I50: ninguém disse para quem | Q50: Fui chamado para preparar a casa. Ninguém disse para quem. | R50: Fui chamado para preparar a casa! Ninguém disse para quem, querem o quê? | S50: Fui chamado… para preparar a casa. Ninguém disse para quem. | T50: Fui chamado para preparar a casa, só isso… ninguém disse para quem, desculpem. | U50: Fui chamado para preparar a casa, e a casa merece. Ninguém disse para quem. | V50: Fui chamado para preparar a casa. A estrada até aqui, um sofrimento… Ninguém disse para quem. | W50: Consta: fui chamado para preparar a casa. Ninguém disse para quem. | X50: =SUMPRODUCT(($G50:$P50<>"")*ISERROR(SEARCH($G50:$P50,R50)))+SUMPRODUCT(($G50:$P50<>"")*ISERROR(SEARCH($G50:$P50,S50)))+SUMPRODUCT(($G50:$P50<>"")*ISERROR(SEARCH($G50:$P50,T50)))+SUMPRODUCT(($G50:$P50<>"")*ISERROR(SEARCH($G50:$P50,U50)))+SUMPRODUCT(($G50:$P50<>"")*ISERROR(SEARCH($G50:$P50,V50)))+SUMPRODUCT(($G50:$P50<>"")*ISERROR(SEARCH($G50:$P50,W50))) | Y50: 11/10 (Tarefa 2): a mesma fala na forma masculina (o funcionário único pode ser qualquer um do fundo).

Sheet Cap 2
A1: ID | B1: Cena | C1: Momento | D1: Quem fala | E1: Com quem | F1: Condição | G1: Item 1 | H1: Item 2 | I1: Item 3 | J1: Item 4 | K1: Item 5 | L1: Item 6 | M1: Item 7 | N1: Item 8 | O1: Item 9 | P1: Item 10 | Q1: Fala original | R1: Explosivo | S1: Calmo opaco | T1: Ingênuo | U1: Leal cego | V1: Evasivo | W1: Burocrata | X1: Faltam | Y1: Nota
A2: c2-01 | B2: o rádio do farol avisa da ponte | C2: roteiro | D2: faroleiro | E2: a casa, pelo rádio | G2: farol | H2: ponte caiu | I2: cheia | J2: ninguém sobe nem desce | K2: de manhã | Q2: Casa da Costa, aqui é o farol. A ponte caiu com a cheia. Ninguém sobe nem desce até de manhã. Repito: ninguém sobe nem desce. | R2: Casa da Costa, é o farol! A ponte caiu com a cheia. Ninguém sobe nem desce até de manhã. Ninguém sobe nem desce, ouviram? | S2: Casa da Costa… aqui, o farol. A ponte caiu. A cheia. Ninguém sobe nem desce… até de manhã. Ninguém sobe nem desce. | T2: Casa da Costa? Aqui é o farol… A ponte caiu com a cheia. Ninguém sobe nem desce até de manhã. Ninguém sobe nem desce, tá? | U2: Casa da Costa, aqui é o farol. A ponte caiu com a cheia. Ninguém sobe nem desce até de manhã. Repito: ninguém sobe nem desce. | V2: Casa da Costa, aqui é o farol. Chove sem parar por aqui… A ponte caiu com a cheia. Ninguém sobe nem desce até de manhã. Ninguém sobe nem desce. | W2: Casa da Costa, farol na escuta. Ocorrência: a ponte caiu com a cheia. Ninguém sobe nem desce até de manhã. Repito: ninguém sobe nem desce. | X2: =SUMPRODUCT(($G2:$P2<>"")*ISERROR(SEARCH($G2:$P2,R2)))+SUMPRODUCT(($G2:$P2<>"")*ISERROR(SEARCH($G2:$P2,S2)))+SUMPRODUCT(($G2:$P2<>"")*ISERROR(SEARCH($G2:$P2,T2)))+SUMPRODUCT(($G2:$P2<>"")*ISERROR(SEARCH($G2:$P2,U2)))+SUMPRODUCT(($G2:$P2<>"")*ISERROR(SEARCH($G2:$P2,V2)))+SUMPRODUCT(($G2:$P2<>"")*ISERROR(SEARCH($G2:$P2,W2))) | Y2: Primeira fala citada da narração (enquadre: "A voz do Faroleiro veio cortada pela estática, mas firme"). "Casa da Costa" é o nome da casa usado como chamada de rádio, não de personagem.
A3: c2-02 | B3: o rádio do farol avisa da ponte | C3: roteiro | D3: investigador | E3: faroleiro, pelo rádio | G3: entendido | H3: luz | Q3: Entendido. Tem luz aí? | R3: Entendido. Tem luz aí?! | S3: Entendido… Tem luz aí? | T3: Entendido. Tem luz aí…? | U3: Entendido. Tem luz aí? | V3: Ah… entendido. Tem luz aí? | W3: Entendido. Tem luz aí? | X3: =SUMPRODUCT(($G3:$P3<>"")*ISERROR(SEARCH($G3:$P3,R3)))+SUMPRODUCT(($G3:$P3<>"")*ISERROR(SEARCH($G3:$P3,S3)))+SUMPRODUCT(($G3:$P3<>"")*ISERROR(SEARCH($G3:$P3,T3)))+SUMPRODUCT(($G3:$P3<>"")*ISERROR(SEARCH($G3:$P3,U3)))+SUMPRODUCT(($G3:$P3<>"")*ISERROR(SEARCH($G3:$P3,V3)))+SUMPRODUCT(($G3:$P3<>"")*ISERROR(SEARCH($G3:$P3,W3))) | Y3: Fala do Investigador (ele alcançou o rádio). A narração não marca o falante; deduzido pelo contexto.
A4: c2-03 | B4: o rádio do farol avisa da ponte | C4: roteiro | D4: faroleiro | E4: a casa, pelo rádio | G4: farol | H4: gerador | I4: costa | J4: não sei por quanto tempo | Q4: O farol tem gerador. A costa, não sei por quanto tempo. | R4: O farol tem gerador! A costa, não sei por quanto tempo, e não me peçam milagre. | S4: O farol… tem gerador. A costa… não sei por quanto tempo. | T4: O farol tem gerador, isso eu sei. A costa… não sei por quanto tempo, desculpa. | U4: O farol tem gerador. A costa, não sei por quanto tempo. | V4: O farol tem gerador. Com esse frio, essa umidade… a costa, não sei por quanto tempo. | W4: Situação: o farol tem gerador. A costa, não sei por quanto tempo. | X4: =SUMPRODUCT(($G4:$P4<>"")*ISERROR(SEARCH($G4:$P4,R4)))+SUMPRODUCT(($G4:$P4<>"")*ISERROR(SEARCH($G4:$P4,S4)))+SUMPRODUCT(($G4:$P4<>"")*ISERROR(SEARCH($G4:$P4,T4)))+SUMPRODUCT(($G4:$P4<>"")*ISERROR(SEARCH($G4:$P4,U4)))+SUMPRODUCT(($G4:$P4<>"")*ISERROR(SEARCH($G4:$P4,V4)))+SUMPRODUCT(($G4:$P4<>"")*ISERROR(SEARCH($G4:$P4,W4)))
A5: c2-04 | B5: a ponte caiu | C5: chat | D5: voz(['herdeira','advogado','jornalista']) | E5: grupo | G5: ponte caiu | H5: ninguém vai embora | Q5: A ponte caiu. Então ninguém vai embora. | R5: A ponte caiu! Pronto, ninguém vai embora, que beleza. | S5: A ponte caiu… Então… ninguém vai embora. | T5: A ponte caiu… então ninguém vai embora? Nossa. | U5: A ponte caiu. Então ninguém vai embora. | V5: A ponte caiu. Essa chuva, essa estrada… Então ninguém vai embora. | W5: Consta: a ponte caiu. Consequência: ninguém vai embora. | X5: =SUMPRODUCT(($G5:$P5<>"")*ISERROR(SEARCH($G5:$P5,R5)))+SUMPRODUCT(($G5:$P5<>"")*ISERROR(SEARCH($G5:$P5,S5)))+SUMPRODUCT(($G5:$P5<>"")*ISERROR(SEARCH($G5:$P5,T5)))+SUMPRODUCT(($G5:$P5<>"")*ISERROR(SEARCH($G5:$P5,U5)))+SUMPRODUCT(($G5:$P5<>"")*ISERROR(SEARCH($G5:$P5,V5)))+SUMPRODUCT(($G5:$P5<>"")*ISERROR(SEARCH($G5:$P5,W5)))
A6: c2-05 | B6: a luz no corredor de serviço | C6: roteiro | D6: quem viu a luz (MATRIZ_C2.luz) | E6: sala | G6: alguém lá | Q6: Tem alguém lá. | R6: Tem alguém lá! | S6: Tem… alguém lá. | T6: Tem alguém lá… | U6: Tem alguém lá. | V6: Tem alguém lá. | W6: Tem alguém lá. | X6: =SUMPRODUCT(($G6:$P6<>"")*ISERROR(SEARCH($G6:$P6,R6)))+SUMPRODUCT(($G6:$P6<>"")*ISERROR(SEARCH($G6:$P6,S6)))+SUMPRODUCT(($G6:$P6<>"")*ISERROR(SEARCH($G6:$P6,T6)))+SUMPRODUCT(($G6:$P6<>"")*ISERROR(SEARCH($G6:$P6,U6)))+SUMPRODUCT(($G6:$P6<>"")*ISERROR(SEARCH($G6:$P6,V6)))+SUMPRODUCT(($G6:$P6<>"")*ISERROR(SEARCH($G6:$P6,W6))) | Y6: Fala citada na narração; falante é M.luz (varia por partida), texto fixo. Não usar adjetivo de gênero.
A7: c2-06 | B7: a luz no corredor de serviço | C7: roteiro | D7: tabeliao | policial | residente (quem não viu a luz) | E7: sala | G7: porta trancada | H7: diferente | Q7: Tem uma porta trancada lá. O que é diferente. | R7: Tem uma porta trancada lá! O que é bem diferente. | S7: Tem uma porta trancada lá… O que é diferente. | T7: Tem uma porta trancada lá… o que é diferente, não é? | U7: Tem uma porta trancada lá. O que é diferente. | V7: Olha, com esse cansaço todo… tem uma porta trancada lá. O que é diferente. | W7: Correção: tem uma porta trancada lá. O que é diferente. | X7: =SUMPRODUCT(($G7:$P7<>"")*ISERROR(SEARCH($G7:$P7,R7)))+SUMPRODUCT(($G7:$P7<>"")*ISERROR(SEARCH($G7:$P7,S7)))+SUMPRODUCT(($G7:$P7<>"")*ISERROR(SEARCH($G7:$P7,T7)))+SUMPRODUCT(($G7:$P7<>"")*ISERROR(SEARCH($G7:$P7,U7)))+SUMPRODUCT(($G7:$P7<>"")*ISERROR(SEARCH($G7:$P7,V7)))+SUMPRODUCT(($G7:$P7<>"")*ISERROR(SEARCH($G7:$P7,W7))) | Y7: Enquadre: "corrigiu X". Falante: tabelião se presente e não for M.luz; senão policial; senão residente. Gênero variável.
A8: c2-07 | B8: a voz a mais chega ao grupo | C8: voz | D8: acompanhante | E8: grupo | G8: boa noite | Q8: Boa noite. | R8: Boa noite. | S8: … Boa noite. | T8: Boa noite. | U8: Boa noite. | V8: Boa noite. | W8: Boa noite. | X8: =SUMPRODUCT(($G8:$P8<>"")*ISERROR(SEARCH($G8:$P8,R8)))+SUMPRODUCT(($G8:$P8<>"")*ISERROR(SEARCH($G8:$P8,S8)))+SUMPRODUCT(($G8:$P8<>"")*ISERROR(SEARCH($G8:$P8,T8)))+SUMPRODUCT(($G8:$P8<>"")*ISERROR(SEARCH($G8:$P8,U8)))+SUMPRODUCT(($G8:$P8<>"")*ISERROR(SEARCH($G8:$P8,V8)))+SUMPRODUCT(($G8:$P8<>"")*ISERROR(SEARCH($G8:$P8,W8))) | Y8: Função: chegada da voz, sem se apresentar. O código diz que a chegada é igual para todas as personalidades; mantive igual nos 6 (só o calmo_opaco com reticência). Decidir se deve variar.
A9: c2-08 | B9: a voz a mais chega ao grupo | C9: chat | D9: voz(['jornalista','policial']) | E9: grupo | G9: número | Q9: Quem é esse número? | R9: Quem é esse número?! | S9: Quem… é esse número? | T9: Quem é esse número…? | U9: Quem é esse número? | V9: Hum… quem é esse número? | W9: Quem é esse número? | X9: =SUMPRODUCT(($G9:$P9<>"")*ISERROR(SEARCH($G9:$P9,R9)))+SUMPRODUCT(($G9:$P9<>"")*ISERROR(SEARCH($G9:$P9,S9)))+SUMPRODUCT(($G9:$P9<>"")*ISERROR(SEARCH($G9:$P9,T9)))+SUMPRODUCT(($G9:$P9<>"")*ISERROR(SEARCH($G9:$P9,U9)))+SUMPRODUCT(($G9:$P9<>"")*ISERROR(SEARCH($G9:$P9,V9)))+SUMPRODUCT(($G9:$P9<>"")*ISERROR(SEARCH($G9:$P9,W9)))
A10: c2-09 | B10: a chamada no grupo | C10: roteiro | D10: quem conduz (MATRIZ_C2.conduz) | E10: sala | G10: direito | H10: uma palavra no grupo | I10: ordem da roda | J10: sobrou | Q10: Vamos fazer isso direito. Cada um manda uma palavra no grupo, na ordem da roda. Quem sobrar, sobrou. | R10: Vamos fazer isso direito, chega! Cada um manda uma palavra no grupo, na ordem da roda. Quem sobrar, sobrou. | S10: Vamos fazer direito… Cada um… uma palavra no grupo. Na ordem da roda. Quem sobrar… sobrou. | T10: Vamos fazer isso direito, pode ser? Cada um manda uma palavra no grupo, na ordem da roda… quem sobrar, sobrou, tá? | U10: Vamos fazer isso direito. Cada um manda uma palavra no grupo, na ordem da roda. Quem sobrar, sobrou. | V10: Bom, já que a noite vai ser longa… vamos fazer direito. Cada um manda uma palavra no grupo, na ordem da roda. Quem sobrar, sobrou. | W10: Procedimento, para fazer direito: cada um manda uma palavra no grupo, na ordem da roda. Quem sobrar, sobrou. | X10: =SUMPRODUCT(($G10:$P10<>"")*ISERROR(SEARCH($G10:$P10,R10)))+SUMPRODUCT(($G10:$P10<>"")*ISERROR(SEARCH($G10:$P10,S10)))+SUMPRODUCT(($G10:$P10<>"")*ISERROR(SEARCH($G10:$P10,T10)))+SUMPRODUCT(($G10:$P10<>"")*ISERROR(SEARCH($G10:$P10,U10)))+SUMPRODUCT(($G10:$P10<>"")*ISERROR(SEARCH($G10:$P10,V10)))+SUMPRODUCT(($G10:$P10<>"")*ISERROR(SEARCH($G10:$P10,W10))) | Y10: Enquadre: "X pôs o celular na mesa:". Falante varia por partida (M.conduz), texto fixo.
A11: c2-10 | B11: a chamada no grupo | C11: chat | D11: cada personagem da roda (não o jogador) | E11: grupo | G11: Aqui | Q11: Aqui. | R11: Aqui! | S11: …aqui. | T11: Aqui? | U11: Aqui. | V11: Aqui… | W11: Aqui. | X11: =SUMPRODUCT(($G11:$P11<>"")*ISERROR(SEARCH($G11:$P11,R11)))+SUMPRODUCT(($G11:$P11<>"")*ISERROR(SEARCH($G11:$P11,S11)))+SUMPRODUCT(($G11:$P11<>"")*ISERROR(SEARCH($G11:$P11,T11)))+SUMPRODUCT(($G11:$P11<>"")*ISERROR(SEARCH($G11:$P11,U11)))+SUMPRODUCT(($G11:$P11<>"")*ISERROR(SEARCH($G11:$P11,V11)))+SUMPRODUCT(($G11:$P11<>"")*ISERROR(SEARCH($G11:$P11,W11))) | Y11: Resposta de chamada: precisa continuar curtíssima (a cena conta "uma palavra" por pessoa). O código distribui as palavras em rodízio pela lista pal.
A12: c2-11 | B12: a chamada no grupo | C12: chat | D12: cada personagem da roda (não o jogador) | E12: grupo | G12: Presente | Q12: Presente. | R12: Presente! | S12: …presente. | T12: Presente? | U12: Presente. | V12: Presente… | W12: Presente. | X12: =SUMPRODUCT(($G12:$P12<>"")*ISERROR(SEARCH($G12:$P12,R12)))+SUMPRODUCT(($G12:$P12<>"")*ISERROR(SEARCH($G12:$P12,S12)))+SUMPRODUCT(($G12:$P12<>"")*ISERROR(SEARCH($G12:$P12,T12)))+SUMPRODUCT(($G12:$P12<>"")*ISERROR(SEARCH($G12:$P12,U12)))+SUMPRODUCT(($G12:$P12<>"")*ISERROR(SEARCH($G12:$P12,V12)))+SUMPRODUCT(($G12:$P12<>"")*ISERROR(SEARCH($G12:$P12,W12))) | Y12: Resposta de chamada: precisa continuar curtíssima (a cena conta "uma palavra" por pessoa). O código distribui as palavras em rodízio pela lista pal.
A13: c2-12 | B13: a chamada no grupo | C13: chat | D13: cada personagem da roda (não o jogador) | E13: grupo | G13: Eu | Q13: Eu. | R13: Eu! | S13: …eu. | T13: Eu? | U13: Eu. | V13: Eu… | W13: Eu. | X13: =SUMPRODUCT(($G13:$P13<>"")*ISERROR(SEARCH($G13:$P13,R13)))+SUMPRODUCT(($G13:$P13<>"")*ISERROR(SEARCH($G13:$P13,S13)))+SUMPRODUCT(($G13:$P13<>"")*ISERROR(SEARCH($G13:$P13,T13)))+SUMPRODUCT(($G13:$P13<>"")*ISERROR(SEARCH($G13:$P13,U13)))+SUMPRODUCT(($G13:$P13<>"")*ISERROR(SEARCH($G13:$P13,V13)))+SUMPRODUCT(($G13:$P13<>"")*ISERROR(SEARCH($G13:$P13,W13))) | Y13: Resposta de chamada: precisa continuar curtíssima (a cena conta "uma palavra" por pessoa). O código distribui as palavras em rodízio pela lista pal.
A14: c2-13 | B14: a chamada no grupo | C14: chat | D14: cada personagem da roda (não o jogador) | E14: grupo | G14: Sim | Q14: Sim. | R14: Sim! | S14: …sim. | T14: Sim? | U14: Sim. | V14: Sim… | W14: Sim. | X14: =SUMPRODUCT(($G14:$P14<>"")*ISERROR(SEARCH($G14:$P14,R14)))+SUMPRODUCT(($G14:$P14<>"")*ISERROR(SEARCH($G14:$P14,S14)))+SUMPRODUCT(($G14:$P14<>"")*ISERROR(SEARCH($G14:$P14,T14)))+SUMPRODUCT(($G14:$P14<>"")*ISERROR(SEARCH($G14:$P14,U14)))+SUMPRODUCT(($G14:$P14<>"")*ISERROR(SEARCH($G14:$P14,V14)))+SUMPRODUCT(($G14:$P14<>"")*ISERROR(SEARCH($G14:$P14,W14))) | Y14: Resposta de chamada: precisa continuar curtíssima (a cena conta "uma palavra" por pessoa). O código distribui as palavras em rodízio pela lista pal.
A15: c2-14 | B15: o número do pai | C15: roteiro | D15: jornalista | E15: herdeira | F15: só quando o jogador não é o Jornalista (se for, a narração diz "você pergunta") | G15: número | H15: seu pai | Q15: É o número do seu pai? | R15: É o número do seu pai?! | S15: É… o número do seu pai? | T15: É o número do seu pai…? | U15: É o número do seu pai? | V15: Bem… é o número do seu pai? | W15: É o número do seu pai? | X15: =SUMPRODUCT(($G15:$P15<>"")*ISERROR(SEARCH($G15:$P15,R15)))+SUMPRODUCT(($G15:$P15<>"")*ISERROR(SEARCH($G15:$P15,S15)))+SUMPRODUCT(($G15:$P15<>"")*ISERROR(SEARCH($G15:$P15,T15)))+SUMPRODUCT(($G15:$P15<>"")*ISERROR(SEARCH($G15:$P15,U15)))+SUMPRODUCT(($G15:$P15<>"")*ISERROR(SEARCH($G15:$P15,V15)))+SUMPRODUCT(($G15:$P15<>"")*ISERROR(SEARCH($G15:$P15,W15))) | Y15: Enquadre: "o Jornalista perguntou à Herdeira".
A16: c2-15 | B16: o número do pai | C16: roteiro | D16: herdeira | E16: jornalista | G16: não sei | Q16: Não sei. | R16: Não sei! | S16: … Não sei. | T16: Não sei… | U16: Não sei. | V16: Ah… não sei. | W16: Não sei. | X16: =SUMPRODUCT(($G16:$P16<>"")*ISERROR(SEARCH($G16:$P16,R16)))+SUMPRODUCT(($G16:$P16<>"")*ISERROR(SEARCH($G16:$P16,S16)))+SUMPRODUCT(($G16:$P16<>"")*ISERROR(SEARCH($G16:$P16,T16)))+SUMPRODUCT(($G16:$P16<>"")*ISERROR(SEARCH($G16:$P16,U16)))+SUMPRODUCT(($G16:$P16<>"")*ISERROR(SEARCH($G16:$P16,V16)))+SUMPRODUCT(($G16:$P16<>"")*ISERROR(SEARCH($G16:$P16,W16))) | Y16: Na narração a Herdeira fala mesmo se o jogador for a Herdeira (o código não trata esse caso).
A17: c2-16 | B17: o número do pai | C17: roteiro | D17: jornalista | E17: herdeira | F17: só quando o jogador não é o Jornalista | G17: como não sabe | Q17: Como não sabe? | R17: Como não sabe?! | S17: … Como não sabe? | T17: Como não sabe…? | U17: Como não sabe? | V17: Como não sabe? | W17: Como não sabe? | X17: =SUMPRODUCT(($G17:$P17<>"")*ISERROR(SEARCH($G17:$P17,R17)))+SUMPRODUCT(($G17:$P17<>"")*ISERROR(SEARCH($G17:$P17,S17)))+SUMPRODUCT(($G17:$P17<>"")*ISERROR(SEARCH($G17:$P17,T17)))+SUMPRODUCT(($G17:$P17<>"")*ISERROR(SEARCH($G17:$P17,U17)))+SUMPRODUCT(($G17:$P17<>"")*ISERROR(SEARCH($G17:$P17,V17)))+SUMPRODUCT(($G17:$P17<>"")*ISERROR(SEARCH($G17:$P17,W17)))
A18: c2-17 | B18: o número do pai | C18: roteiro | D18: herdeira | E18: jornalista | G18: trocou de número | H18: no fim | I18: não tinha o novo | J18: motivo | Q18: Ele trocou de número no fim. Eu não tinha o novo. Não tinha motivo para ter. | R18: Ele trocou de número no fim! Eu não tinha o novo, tá? Não tinha motivo para ter. | S18: Ele trocou de número… no fim. Eu não tinha o novo. Não tinha motivo… para ter. | T18: Ele trocou de número no fim… Eu não tinha o novo. Não tinha motivo para ter, não é? | U18: Ele trocou de número no fim, era direito dele. Eu não tinha o novo. Não tinha motivo para ter. | V18: A gente se falava pouco, a estrada, a demora… Ele trocou de número no fim. Eu não tinha o novo. Não tinha motivo para ter. | W18: Fato: ele trocou de número no fim. Eu não tinha o novo. Motivo para ter: nenhum. | X18: =SUMPRODUCT(($G18:$P18<>"")*ISERROR(SEARCH($G18:$P18,R18)))+SUMPRODUCT(($G18:$P18<>"")*ISERROR(SEARCH($G18:$P18,S18)))+SUMPRODUCT(($G18:$P18<>"")*ISERROR(SEARCH($G18:$P18,T18)))+SUMPRODUCT(($G18:$P18<>"")*ISERROR(SEARCH($G18:$P18,U18)))+SUMPRODUCT(($G18:$P18<>"")*ISERROR(SEARCH($G18:$P18,V18)))+SUMPRODUCT(($G18:$P18<>"")*ISERROR(SEARCH($G18:$P18,W18)))
A19: c2-18 | B19: lembranças do proprietário | C19: roteiro | D19: chefe_de_cozinha | E19: sala | F19: chefe presente, não é o impostor da partida e M.chefeCaldo (hoje só P15) | G19: caldo | H19: até o fim | Q19: Fiz o caldo dele até o fim. | R19: Ora, fiz o caldo dele até o fim | S19: Fiz o caldo… dele. Até o fim | T19: Fiz o caldo dele até o fim, sabe | U19: Fiz o caldo dele até o fim, com todo o respeito por ele | V19: Com essa fome, lembro… fiz o caldo dele até o fim | W19: Anoto: fiz o caldo dele até o fim | X19: =SUMPRODUCT(($G19:$P19<>"")*ISERROR(SEARCH($G19:$P19,R19)))+SUMPRODUCT(($G19:$P19<>"")*ISERROR(SEARCH($G19:$P19,S19)))+SUMPRODUCT(($G19:$P19<>"")*ISERROR(SEARCH($G19:$P19,T19)))+SUMPRODUCT(($G19:$P19<>"")*ISERROR(SEARCH($G19:$P19,U19)))+SUMPRODUCT(($G19:$P19<>"")*ISERROR(SEARCH($G19:$P19,V19)))+SUMPRODUCT(($G19:$P19<>"")*ISERROR(SEARCH($G19:$P19,W19))) | Y19: O código tira o ponto final (replace(/\.$/,'')) e fecha com ", diz X." Por isso as versões não terminam em ponto.
A20: c2-19 | B20: lembranças do proprietário | C20: roteiro | D20: chefe_de_cozinha | E20: sala | F20: chefe presente, não é o impostor e sem M.chefeCaldo | G20: peixe de domingo | H20: começo do ano | I20: parei de vir | Q20: Ele não abria mão do meu peixe de domingo. Pelo menos até o começo do ano, que foi quando parei de vir. | R20: Ele não abria mão do meu peixe de domingo! Pelo menos até o começo do ano, que foi quando parei de vir | S20: Ele não abria mão… do meu peixe de domingo. Até o começo do ano. Quando parei de vir | T20: Ele não abria mão do meu peixe de domingo… Pelo menos até o começo do ano, que foi quando parei de vir, sabe | U20: Ele não abria mão do meu peixe de domingo, e eu fazia com gosto. Até o começo do ano, que foi quando parei de vir | V20: Fome dá saudade, né… Ele não abria mão do meu peixe de domingo. Até o começo do ano, que foi quando parei de vir | W20: Consta: ele não abria mão do meu peixe de domingo. Até o começo do ano, data em que parei de vir | X20: =SUMPRODUCT(($G20:$P20<>"")*ISERROR(SEARCH($G20:$P20,R20)))+SUMPRODUCT(($G20:$P20<>"")*ISERROR(SEARCH($G20:$P20,S20)))+SUMPRODUCT(($G20:$P20<>"")*ISERROR(SEARCH($G20:$P20,T20)))+SUMPRODUCT(($G20:$P20<>"")*ISERROR(SEARCH($G20:$P20,U20)))+SUMPRODUCT(($G20:$P20<>"")*ISERROR(SEARCH($G20:$P20,V20)))+SUMPRODUCT(($G20:$P20<>"")*ISERROR(SEARCH($G20:$P20,W20))) | Y20: Ponto final é cortado pelo código.
A21: c2-20 | B21: lembranças do proprietário | C21: roteiro | D21: herdeira | E21: sala | F21: a Herdeira não é a impostora da partida | G21: meu pai detestava bicho | H21: dentro de casa | I21: passarinho | Q21: Meu pai detestava bicho dentro de casa. Nunca deixou eu ter nem um passarinho. | R21: Meu pai detestava bicho dentro de casa! Nunca deixou eu ter nem um passarinho, imagina | S21: Meu pai detestava bicho… dentro de casa. Nunca deixou. Nem um passarinho | T21: Meu pai detestava bicho dentro de casa. Nunca deixou eu ter nem um passarinho, acreditam? | U21: Meu pai detestava bicho dentro de casa, e era a casa dele. Nunca deixou eu ter nem um passarinho | V21: Lembro da chuva batendo, da casa fria… Meu pai detestava bicho dentro de casa. Nem um passarinho ele deixou | W21: Para a ata: meu pai detestava bicho dentro de casa. Nunca deixou eu ter nem um passarinho | X21: =SUMPRODUCT(($G21:$P21<>"")*ISERROR(SEARCH($G21:$P21,R21)))+SUMPRODUCT(($G21:$P21<>"")*ISERROR(SEARCH($G21:$P21,S21)))+SUMPRODUCT(($G21:$P21<>"")*ISERROR(SEARCH($G21:$P21,T21)))+SUMPRODUCT(($G21:$P21<>"")*ISERROR(SEARCH($G21:$P21,U21)))+SUMPRODUCT(($G21:$P21<>"")*ISERROR(SEARCH($G21:$P21,V21)))+SUMPRODUCT(($G21:$P21<>"")*ISERROR(SEARCH($G21:$P21,W21))) | Y21: Ponto final é cortado pelo código.
A22: c2-21 | B22: lembranças do proprietário | C22: roteiro | D22: eletricista | E22: sala | F22: eletricista presente e não é o impostor | G22: março | H22: tomada | I22: quarto dos fundos | J22: por telefone | K22: para quê | Q22: Eu vim em março ligar uma tomada no quarto dos fundos. Ele pediu por telefone. Não perguntei para quê. | R22: Eu vim em março ligar uma tomada no quarto dos fundos! Ele pediu por telefone. Não perguntei para quê, não é da minha conta | S22: Vim em março… uma tomada. Quarto dos fundos. Ele pediu por telefone. Não perguntei para quê | T22: Eu vim em março ligar uma tomada no quarto dos fundos. Ele pediu por telefone. Não perguntei para quê… devia? | U22: Eu vim em março ligar uma tomada no quarto dos fundos. Ele pediu por telefone, e pedido dele eu fazia. Não perguntei para quê | V22: A estrada estava ruim, lembro… Eu vim em março ligar uma tomada no quarto dos fundos. Ele pediu por telefone. Não perguntei para quê | W22: Serviço de março: tomada no quarto dos fundos. Pedido por telefone. Não perguntei para quê | X22: =SUMPRODUCT(($G22:$P22<>"")*ISERROR(SEARCH($G22:$P22,R22)))+SUMPRODUCT(($G22:$P22<>"")*ISERROR(SEARCH($G22:$P22,S22)))+SUMPRODUCT(($G22:$P22<>"")*ISERROR(SEARCH($G22:$P22,T22)))+SUMPRODUCT(($G22:$P22<>"")*ISERROR(SEARCH($G22:$P22,U22)))+SUMPRODUCT(($G22:$P22<>"")*ISERROR(SEARCH($G22:$P22,V22)))+SUMPRODUCT(($G22:$P22<>"")*ISERROR(SEARCH($G22:$P22,W22))) | Y22: Ponto final é cortado pelo código.
A23: c2-22 | B23: o recorte e o laudo | C23: roteiro | D23: jornalista | E23: sala | G23: aqui diz | H23: sexta | Q23: Aqui diz que ele morreu numa sexta. | R23: Aqui diz que ele morreu numa sexta! Está escrito. | S23: Aqui diz… que ele morreu numa sexta. | T23: Aqui diz que ele morreu numa sexta… isso está certo? | U23: Aqui diz que ele morreu numa sexta. | V23: Papel velho, úmido… Aqui diz que ele morreu numa sexta. | W23: Aqui diz: óbito numa sexta. | X23: =SUMPRODUCT(($G23:$P23<>"")*ISERROR(SEARCH($G23:$P23,R23)))+SUMPRODUCT(($G23:$P23<>"")*ISERROR(SEARCH($G23:$P23,S23)))+SUMPRODUCT(($G23:$P23<>"")*ISERROR(SEARCH($G23:$P23,T23)))+SUMPRODUCT(($G23:$P23<>"")*ISERROR(SEARCH($G23:$P23,U23)))+SUMPRODUCT(($G23:$P23<>"")*ISERROR(SEARCH($G23:$P23,V23)))+SUMPRODUCT(($G23:$P23<>"")*ISERROR(SEARCH($G23:$P23,W23))) | Y23: Enquadre: "X mostrou um recorte dobrado".
A24: c2-23 | B24: o recorte e o laudo | C24: roteiro | D24: investigador | E24: jornalista | F24: só quando o jogador não é o Investigador (se for, "você responde") | G24: laudo | H24: dia | I24: hora indeterminada | J24: trinta e seis e sessenta horas | K24: exame | Q24: O laudo não diz dia. Diz hora indeterminada. Entre trinta e seis e sessenta horas antes do exame. | R24: O laudo não diz dia! Diz hora indeterminada. Entre trinta e seis e sessenta horas antes do exame. Está aí, para quem souber ler. | S24: O laudo… não diz dia. Hora indeterminada. Entre trinta e seis e sessenta horas… antes do exame. | T24: O laudo não diz dia… Diz hora indeterminada, entre trinta e seis e sessenta horas antes do exame. Entendi certo? | U24: O laudo não diz dia. Diz hora indeterminada. Entre trinta e seis e sessenta horas antes do exame. | V24: Papel e mais papel, que cansaço… O laudo não diz dia. Diz hora indeterminada. Entre trinta e seis e sessenta horas antes do exame. | W24: O laudo não diz dia. Consta hora indeterminada: entre trinta e seis e sessenta horas antes do exame. | X24: =SUMPRODUCT(($G24:$P24<>"")*ISERROR(SEARCH($G24:$P24,R24)))+SUMPRODUCT(($G24:$P24<>"")*ISERROR(SEARCH($G24:$P24,S24)))+SUMPRODUCT(($G24:$P24<>"")*ISERROR(SEARCH($G24:$P24,T24)))+SUMPRODUCT(($G24:$P24<>"")*ISERROR(SEARCH($G24:$P24,U24)))+SUMPRODUCT(($G24:$P24<>"")*ISERROR(SEARCH($G24:$P24,V24)))+SUMPRODUCT(($G24:$P24<>"")*ISERROR(SEARCH($G24:$P24,W24))) | Y24: Junta as duas falas citadas seguidas do Investigador.
A25: c2-23m | B25: o recorte e o laudo (com o Médico na casa) | C25: roteiro | D25: medico | E25: jornalista | F25: Médico na casa (substitui c2-23); se for o jogador, "você responde" | G25: laudo | H25: dia | I25: assinei | J25: hora indeterminada | K25: trinta e seis e sessenta horas | L25: exame | Q25: O laudo não diz dia. Fui eu que assinei. Diz hora indeterminada. Entre trinta e seis e sessenta horas antes do exame. | R25: O laudo não diz dia! Fui eu que assinei. Diz hora indeterminada. Entre trinta e seis e sessenta horas antes do exame. Está aí, para quem souber ler. | S25: O laudo… não diz dia. Fui eu que assinei. Hora indeterminada. Entre trinta e seis e sessenta horas… antes do exame. | T25: O laudo não diz dia… Fui eu que assinei. Diz hora indeterminada, entre trinta e seis e sessenta horas antes do exame. Ficou claro? | U25: O laudo não diz dia. Fui eu que assinei. Diz hora indeterminada. Entre trinta e seis e sessenta horas antes do exame. | V25: Papel e mais papel, que cansaço… O laudo não diz dia. Fui eu que assinei. Diz hora indeterminada. Entre trinta e seis e sessenta horas antes do exame. | W25: O laudo não diz dia. Eu assinei. Consta hora indeterminada: entre trinta e seis e sessenta horas antes do exame. | X25: =SUMPRODUCT(($G25:$P25<>"")*ISERROR(SEARCH($G25:$P25,R25)))+SUMPRODUCT(($G25:$P25<>"")*ISERROR(SEARCH($G25:$P25,S25)))+SUMPRODUCT(($G25:$P25<>"")*ISERROR(SEARCH($G25:$P25,T25)))+SUMPRODUCT(($G25:$P25<>"")*ISERROR(SEARCH($G25:$P25,U25)))+SUMPRODUCT(($G25:$P25<>"")*ISERROR(SEARCH($G25:$P25,V25)))+SUMPRODUCT(($G25:$P25<>"")*ISERROR(SEARCH($G25:$P25,W25))) | Y25: Médico (02/10): 13º personagem, só com 12 humanos, então é sempre humano; os tipos servem ao narrador.
A26: c2-24 | B26: o recorte e o laudo | C26: roteiro | D26: jornalista | E26: investigador | G26: achou o corpo | H26: dois dias depois | Q26: Então alguém achou o corpo dois dias depois. | R26: Então alguém achou o corpo dois dias depois! Dois dias. | S26: Então… alguém achou o corpo. Dois dias depois. | T26: Então alguém achou o corpo dois dias depois? É isso? | U26: Então alguém achou o corpo dois dias depois. | V26: Hum… então alguém achou o corpo dois dias depois. | W26: Então, para a ata: alguém achou o corpo dois dias depois. | X26: =SUMPRODUCT(($G26:$P26<>"")*ISERROR(SEARCH($G26:$P26,R26)))+SUMPRODUCT(($G26:$P26<>"")*ISERROR(SEARCH($G26:$P26,S26)))+SUMPRODUCT(($G26:$P26<>"")*ISERROR(SEARCH($G26:$P26,T26)))+SUMPRODUCT(($G26:$P26<>"")*ISERROR(SEARCH($G26:$P26,U26)))+SUMPRODUCT(($G26:$P26<>"")*ISERROR(SEARCH($G26:$P26,V26)))+SUMPRODUCT(($G26:$P26<>"")*ISERROR(SEARCH($G26:$P26,W26))) | Y26: Falante não marcado na narração; atribuído ao Jornalista pela alternância do diálogo.
A27: c2-25 | B27: o recorte e o laudo | C27: roteiro | D27: investigador | E27: jornalista | G27: avisou | H27: dois dias depois | Q27: Ou alguém avisou dois dias depois. | R27: Ou alguém avisou dois dias depois! Já pensou nisso? | S27: Ou… alguém avisou. Dois dias depois. | T27: Ou alguém avisou dois dias depois… também pode ser, não pode? | U27: Ou alguém avisou dois dias depois. | V27: Ou, quem sabe… alguém avisou dois dias depois. | W27: Ou: alguém avisou dois dias depois. | X27: =SUMPRODUCT(($G27:$P27<>"")*ISERROR(SEARCH($G27:$P27,R27)))+SUMPRODUCT(($G27:$P27<>"")*ISERROR(SEARCH($G27:$P27,S27)))+SUMPRODUCT(($G27:$P27<>"")*ISERROR(SEARCH($G27:$P27,T27)))+SUMPRODUCT(($G27:$P27<>"")*ISERROR(SEARCH($G27:$P27,U27)))+SUMPRODUCT(($G27:$P27<>"")*ISERROR(SEARCH($G27:$P27,V27)))+SUMPRODUCT(($G27:$P27<>"")*ISERROR(SEARCH($G27:$P27,W27))) | Y27: Falante não marcado; atribuído ao Investigador pela alternância.
A28: c2-26 | B28: a resposta da voz à frase dita baixinho | C28: roteiro | D28: voz(['policial','tabeliao','residente'],fq) ou policial | E28: sala | G28: aqui dentro | H28: voz baixa | I28: escrevendo está ouvindo | Q28: Isso foi dito aqui dentro. Em voz baixa. Quem está escrevendo está ouvindo. | R28: Isso foi dito aqui dentro! Em voz baixa. Quem está escrevendo está ouvindo, e ninguém percebeu? | S28: Isso foi dito… aqui dentro. Em voz baixa. Quem está escrevendo está ouvindo. | T28: Isso foi dito aqui dentro, não foi? Em voz baixa… quem está escrevendo está ouvindo? | U28: Isso foi dito aqui dentro. Em voz baixa. Quem está escrevendo está ouvindo. | V28: Isso foi dito aqui dentro. Com a chuva lá fora, em voz baixa… Quem está escrevendo está ouvindo. | W28: Registre: dito aqui dentro, em voz baixa. Quem está escrevendo está ouvindo. | X28: =SUMPRODUCT(($G28:$P28<>"")*ISERROR(SEARCH($G28:$P28,R28)))+SUMPRODUCT(($G28:$P28<>"")*ISERROR(SEARCH($G28:$P28,S28)))+SUMPRODUCT(($G28:$P28<>"")*ISERROR(SEARCH($G28:$P28,T28)))+SUMPRODUCT(($G28:$P28<>"")*ISERROR(SEARCH($G28:$P28,U28)))+SUMPRODUCT(($G28:$P28<>"")*ISERROR(SEARCH($G28:$P28,V28)))+SUMPRODUCT(($G28:$P28<>"")*ISERROR(SEARCH($G28:$P28,W28))) | Y28: Enquadre: "disse X". Gênero variável.
A29: c2-27 | B29: a resposta da voz à frase dita baixinho | C29: roteiro | D29: voz(['jornalista','advogado','herdeira'],fq) ou jornalista | E29: sala | G29: nesta sala | Q29: Ou está nesta sala. | R29: Ou está nesta sala! | S29: Ou… está nesta sala. | T29: Ou está nesta sala… | U29: Ou está nesta sala. | V29: Hum… ou está nesta sala. | W29: Ou está nesta sala. | X29: =SUMPRODUCT(($G29:$P29<>"")*ISERROR(SEARCH($G29:$P29,R29)))+SUMPRODUCT(($G29:$P29<>"")*ISERROR(SEARCH($G29:$P29,S29)))+SUMPRODUCT(($G29:$P29<>"")*ISERROR(SEARCH($G29:$P29,T29)))+SUMPRODUCT(($G29:$P29<>"")*ISERROR(SEARCH($G29:$P29,U29)))+SUMPRODUCT(($G29:$P29<>"")*ISERROR(SEARCH($G29:$P29,V29)))+SUMPRODUCT(($G29:$P29<>"")*ISERROR(SEARCH($G29:$P29,W29))) | Y29: Responde à fala anterior ("quem está escrevendo está ouvindo").
A30: c2-28 | B30: a resposta da voz à frase dita baixinho | C30: privado | D30: voz(['herdeira','observadora','residente'],fq) | E30: jogador no privado | G30: resposta no grupo | H30: perto do corredor de serviço | I30: mais ninguém | Q30: Você viu a resposta no grupo? Quem falou estava perto do corredor de serviço, e mais ninguém. | R30: Viu a resposta no grupo? Quem falou estava perto do corredor de serviço, e mais ninguém! | S30: A resposta no grupo… viu? Quem falou… perto do corredor de serviço. E mais ninguém. | T30: Você viu a resposta no grupo? Quem falou estava perto do corredor de serviço, e mais ninguém… alguém mais reparou? | U30: Você viu a resposta no grupo? Quem falou estava perto do corredor de serviço, e mais ninguém. | V30: Que noite comprida… Viu a resposta no grupo? Quem falou estava perto do corredor de serviço, e mais ninguém. | W30: Verificou a resposta no grupo? Consta: quem falou estava perto do corredor de serviço, e mais ninguém. | X30: =SUMPRODUCT(($G30:$P30<>"")*ISERROR(SEARCH($G30:$P30,R30)))+SUMPRODUCT(($G30:$P30<>"")*ISERROR(SEARCH($G30:$P30,S30)))+SUMPRODUCT(($G30:$P30<>"")*ISERROR(SEARCH($G30:$P30,T30)))+SUMPRODUCT(($G30:$P30<>"")*ISERROR(SEARCH($G30:$P30,U30)))+SUMPRODUCT(($G30:$P30<>"")*ISERROR(SEARCH($G30:$P30,V30)))+SUMPRODUCT(($G30:$P30<>"")*ISERROR(SEARCH($G30:$P30,W30)))
A31: c2-29 | B31: réplica à chamada | C31: resposta | D31: voz([M.conduz,'policial','tabeliao']) | E31: grupo (jogador disse "Aqui.") | G31: anotado | Q31: Anotado. | R31: Anotado! | S31: …anotado. | T31: Anotado… | U31: Anotado. | V31: Bem… anotado. | W31: Anotado. | X31: =SUMPRODUCT(($G31:$P31<>"")*ISERROR(SEARCH($G31:$P31,R31)))+SUMPRODUCT(($G31:$P31<>"")*ISERROR(SEARCH($G31:$P31,S31)))+SUMPRODUCT(($G31:$P31<>"")*ISERROR(SEARCH($G31:$P31,T31)))+SUMPRODUCT(($G31:$P31<>"")*ISERROR(SEARCH($G31:$P31,U31)))+SUMPRODUCT(($G31:$P31<>"")*ISERROR(SEARCH($G31:$P31,V31)))+SUMPRODUCT(($G31:$P31<>"")*ISERROR(SEARCH($G31:$P31,W31)))
A32: c2-30 | B32: o jogador pergunta quem é o número | C32: voz | D32: acompanhante | E32: grupo | G32: quem | Q32: guardia: Alguém que não quer problema. | explosiva: Não interessa. | ardilosa: Quem vocês acham? | quieta: ... | R32: Não interessa quem! Vocês que adivinhem. | S32: ... quem? ... vocês dizem. | T32: Quem eu sou? Ah, não posso dizer, desculpa… quem vocês imaginam? | U32: Quem eu sou não importa. Digam vocês. | V32: Quem vocês acham? | W32: Quem: não informado. Hipóteses, por conta de vocês. | X32: =SUMPRODUCT(($G32:$P32<>"")*ISERROR(SEARCH($G32:$P32,R32)))+SUMPRODUCT(($G32:$P32<>"")*ISERROR(SEARCH($G32:$P32,S32)))+SUMPRODUCT(($G32:$P32<>"")*ISERROR(SEARCH($G32:$P32,T32)))+SUMPRODUCT(($G32:$P32<>"")*ISERROR(SEARCH($G32:$P32,U32)))+SUMPRODUCT(($G32:$P32<>"")*ISERROR(SEARCH($G32:$P32,V32)))+SUMPRODUCT(($G32:$P32<>"")*ISERROR(SEARCH($G32:$P32,W32))) | Y32: Função: a voz se recusa a dizer quem é e devolve a pergunta. Evasivo = texto exato da ardilosa.
A33: c2-31 | B33: réplica sobre a luz | C33: resposta | D33: quem viu a luz (M.luz) | E33: grupo | G33: eu vi | H33: azul | I33: tela de celular | Q33: Eu vi. Azul, como tela de celular. | R33: Eu vi! Azul, como tela de celular. | S33: Eu vi… Azul. Como tela de celular. | T33: Eu vi! Azul, como tela de celular. Juro. | U33: Eu vi. Azul, como tela de celular. | V33: Era tarde, eu com fome… mas eu vi. Azul, como tela de celular. | W33: Eu vi. Cor: azul, como tela de celular. | X33: =SUMPRODUCT(($G33:$P33<>"")*ISERROR(SEARCH($G33:$P33,R33)))+SUMPRODUCT(($G33:$P33<>"")*ISERROR(SEARCH($G33:$P33,S33)))+SUMPRODUCT(($G33:$P33<>"")*ISERROR(SEARCH($G33:$P33,T33)))+SUMPRODUCT(($G33:$P33<>"")*ISERROR(SEARCH($G33:$P33,U33)))+SUMPRODUCT(($G33:$P33<>"")*ISERROR(SEARCH($G33:$P33,V33)))+SUMPRODUCT(($G33:$P33<>"")*ISERROR(SEARCH($G33:$P33,W33)))
A34: c2-32 | B34: réplica: número novo do dono | C34: resposta | D34: voz(['herdeira','advogado']) | E34: grupo | G34: se for | H34: celular dele | Q34: Se for, quem está com o celular dele? | R34: Se for, quem está com o celular dele? Ninguém pensou nisso? | S34: Se for… quem está com o celular dele? | T34: Se for, quem está com o celular dele? Alguém sabe? | U34: Se for, quem está com o celular dele? Isso era dele. | V34: Pode ser, tudo pode… Se for, quem está com o celular dele? | W34: Se for: quem está com o celular dele? | X34: =SUMPRODUCT(($G34:$P34<>"")*ISERROR(SEARCH($G34:$P34,R34)))+SUMPRODUCT(($G34:$P34<>"")*ISERROR(SEARCH($G34:$P34,S34)))+SUMPRODUCT(($G34:$P34<>"")*ISERROR(SEARCH($G34:$P34,T34)))+SUMPRODUCT(($G34:$P34<>"")*ISERROR(SEARCH($G34:$P34,U34)))+SUMPRODUCT(($G34:$P34<>"")*ISERROR(SEARCH($G34:$P34,V34)))+SUMPRODUCT(($G34:$P34<>"")*ISERROR(SEARCH($G34:$P34,W34)))
A35: c2-33 | B35: réplica: quem estava perto do corredor | C35: resposta | D35: voz(['policial','residente','jornalista'],fq) | E35: grupo | G35: mais de um | H35: não vi quem falou | Q35: Mais de um. Eu não vi quem falou. | R35: Mais de um! E eu não vi quem falou, pronto? | S35: Mais de um… Eu não vi quem falou. | T35: Mais de um… Eu não vi quem falou, desculpa. | U35: Mais de um. Eu não vi quem falou, e não aponto ninguém. | V35: Ah, gente indo e vindo… mais de um. Eu não vi quem falou. | W35: Mais de um. Registre: eu não vi quem falou. | X35: =SUMPRODUCT(($G35:$P35<>"")*ISERROR(SEARCH($G35:$P35,R35)))+SUMPRODUCT(($G35:$P35<>"")*ISERROR(SEARCH($G35:$P35,S35)))+SUMPRODUCT(($G35:$P35<>"")*ISERROR(SEARCH($G35:$P35,T35)))+SUMPRODUCT(($G35:$P35<>"")*ISERROR(SEARCH($G35:$P35,U35)))+SUMPRODUCT(($G35:$P35<>"")*ISERROR(SEARCH($G35:$P35,V35)))+SUMPRODUCT(($G35:$P35<>"")*ISERROR(SEARCH($G35:$P35,W35))) | Y35: Gênero do falante variável; sem adjetivo de si.
A36: c2-34 | B36: réplica: ficar juntos | C36: resposta | D36: voz(['policial','herdeira']) | E36: grupo | G36: concordo | Q36: Concordo. | R36: Concordo! | S36: …concordo. | T36: Concordo… | U36: Concordo. | V36: Ah… concordo. | W36: Concordo. | X36: =SUMPRODUCT(($G36:$P36<>"")*ISERROR(SEARCH($G36:$P36,R36)))+SUMPRODUCT(($G36:$P36<>"")*ISERROR(SEARCH($G36:$P36,S36)))+SUMPRODUCT(($G36:$P36<>"")*ISERROR(SEARCH($G36:$P36,T36)))+SUMPRODUCT(($G36:$P36<>"")*ISERROR(SEARCH($G36:$P36,U36)))+SUMPRODUCT(($G36:$P36<>"")*ISERROR(SEARCH($G36:$P36,V36)))+SUMPRODUCT(($G36:$P36<>"")*ISERROR(SEARCH($G36:$P36,W36)))
A37: c2-35 | B37: réplica no privado: onde está | C37: resposta | D37: o personagem do privado | E37: jogador no privado | G37: na sala | H37: todo mundo | Q37: Na sala, com todo mundo. | R37: Na sala, com todo mundo! Onde mais? | S37: Na sala… com todo mundo. | T37: Na sala, com todo mundo… Por quê? | U37: Na sala, com todo mundo. | V37: Ah, tudo úmido por aqui… na sala, com todo mundo. | W37: Localização: na sala, com todo mundo. | X37: =SUMPRODUCT(($G37:$P37<>"")*ISERROR(SEARCH($G37:$P37,R37)))+SUMPRODUCT(($G37:$P37<>"")*ISERROR(SEARCH($G37:$P37,S37)))+SUMPRODUCT(($G37:$P37<>"")*ISERROR(SEARCH($G37:$P37,T37)))+SUMPRODUCT(($G37:$P37<>"")*ISERROR(SEARCH($G37:$P37,U37)))+SUMPRODUCT(($G37:$P37<>"")*ISERROR(SEARCH($G37:$P37,V37)))+SUMPRODUCT(($G37:$P37<>"")*ISERROR(SEARCH($G37:$P37,W37))) | Y37: Falante qualquer (privado), gênero variável.
A38: c2-36 | B38: réplica no privado: a frase | C38: resposta | D38: o personagem do privado | E38: jogador no privado | G38: ouvi a resposta no grupo | H38: a frase, não | Q38: Ouvi a resposta no grupo. A frase, não. | R38: Ouvi a resposta no grupo. A frase, não! De novo isso? | S38: Ouvi a resposta no grupo… A frase, não. | T38: Ouvi a resposta no grupo… A frase, não. Desculpa. | U38: Ouvi a resposta no grupo. A frase, não. | V38: Com esse barulho de chuva… ouvi a resposta no grupo. A frase, não. | W38: Ouvi a resposta no grupo. A frase, não. Só isso consta. | X38: =SUMPRODUCT(($G38:$P38<>"")*ISERROR(SEARCH($G38:$P38,R38)))+SUMPRODUCT(($G38:$P38<>"")*ISERROR(SEARCH($G38:$P38,S38)))+SUMPRODUCT(($G38:$P38<>"")*ISERROR(SEARCH($G38:$P38,T38)))+SUMPRODUCT(($G38:$P38<>"")*ISERROR(SEARCH($G38:$P38,U38)))+SUMPRODUCT(($G38:$P38<>"")*ISERROR(SEARCH($G38:$P38,V38)))+SUMPRODUCT(($G38:$P38<>"")*ISERROR(SEARCH($G38:$P38,W38)))
A39: c2-37 | B39: réplica no privado: desconfiança | C39: resposta | D39: o personagem do privado | E39: jogador no privado | G39: nem eu | Q39: Nem eu. | R39: Nem eu! | S39: … Nem eu. | T39: Nem eu… | U39: Nem eu. | V39: Nem eu. | W39: Nem eu. | X39: =SUMPRODUCT(($G39:$P39<>"")*ISERROR(SEARCH($G39:$P39,R39)))+SUMPRODUCT(($G39:$P39<>"")*ISERROR(SEARCH($G39:$P39,S39)))+SUMPRODUCT(($G39:$P39<>"")*ISERROR(SEARCH($G39:$P39,T39)))+SUMPRODUCT(($G39:$P39<>"")*ISERROR(SEARCH($G39:$P39,U39)))+SUMPRODUCT(($G39:$P39<>"")*ISERROR(SEARCH($G39:$P39,V39)))+SUMPRODUCT(($G39:$P39<>"")*ISERROR(SEARCH($G39:$P39,W39))) | Y39: Explosivo "Muito menos em você" é ofensa de tom; leal_cego "Só nele confiava" (lealdade ao proprietário, padrão do tipo).
A40: c2-38 | B40: o jogador escreve à voz no privado | C40: voz | D40: acompanhante | E40: jogador no privado | G40: depende | H40: do que você me der | Q40: guardia: Não posso dizer. Fiquem tranquilos. | explosiva: Não é da sua conta. | ardilosa: Depende do que você me der. | quieta: ... | R40: Não é da sua conta! Depende do que você me der. | S40: … depende. Do que você me der. | T40: Desculpa… depende do que você me der, pode ser? | U40: De graça, não. Depende do que você me der. | V40: Depende do que você me der. | W40: Resposta condicionada: depende do que você me der. | X40: =SUMPRODUCT(($G40:$P40<>"")*ISERROR(SEARCH($G40:$P40,R40)))+SUMPRODUCT(($G40:$P40<>"")*ISERROR(SEARCH($G40:$P40,S40)))+SUMPRODUCT(($G40:$P40<>"")*ISERROR(SEARCH($G40:$P40,T40)))+SUMPRODUCT(($G40:$P40<>"")*ISERROR(SEARCH($G40:$P40,U40)))+SUMPRODUCT(($G40:$P40<>"")*ISERROR(SEARCH($G40:$P40,V40)))+SUMPRODUCT(($G40:$P40<>"")*ISERROR(SEARCH($G40:$P40,W40))) | Y40: Função: resposta padrão da voz no privado; recusa a informar (a ardilosa negocia). Evasivo = texto exato da ardilosa. Passada 2: função única por momento = recusa condicionada a uma troca (texto da antiga Ardilosa, exato no Evasivo).
A41: c2-39 | B41: debate do capítulo | C41: resposta | D41: voz(['herdeira','advogado']) | E41: grupo | G41: trocou de chip | H41: últimos meses | I41: família | J41: número novo | Q41: Ele trocou de chip nos últimos meses. Ninguém da família tinha o número novo. | R41: Ele trocou de chip nos últimos meses! Ninguém da família tinha o número novo, e não me olhem assim. | S41: Ele trocou de chip… nos últimos meses. Ninguém da família… tinha o número novo. | T41: Ele trocou de chip nos últimos meses… Ninguém da família tinha o número novo, não é? | U41: Ele trocou de chip nos últimos meses, direito dele. Ninguém da família tinha o número novo. | V41: O tempo passa, a estrada é longe… Ele trocou de chip nos últimos meses. Ninguém da família tinha o número novo. | W41: Consta: ele trocou de chip nos últimos meses. Ninguém da família tinha o número novo. | X41: =SUMPRODUCT(($G41:$P41<>"")*ISERROR(SEARCH($G41:$P41,R41)))+SUMPRODUCT(($G41:$P41<>"")*ISERROR(SEARCH($G41:$P41,S41)))+SUMPRODUCT(($G41:$P41<>"")*ISERROR(SEARCH($G41:$P41,T41)))+SUMPRODUCT(($G41:$P41<>"")*ISERROR(SEARCH($G41:$P41,U41)))+SUMPRODUCT(($G41:$P41<>"")*ISERROR(SEARCH($G41:$P41,V41)))+SUMPRODUCT(($G41:$P41<>"")*ISERROR(SEARCH($G41:$P41,W41))) | Y41: Debate do fim do capítulo, falas de personagem fixas.
A42: c2-40 | B42: debate do capítulo | C42: resposta | D42: voz(['policial','tabeliao','residente']) | E42: grupo | G42: cartório montou o grupo | H42: lista que ele deixou | I42: sem nomes | J42: não é de ninguém daqui | Q42: O cartório montou o grupo com a lista que ele deixou, sem nomes. Um dos números não é de ninguém daqui. | R42: O cartório montou o grupo com a lista que ele deixou, sem nomes! Um dos números não é de ninguém daqui, é óbvio. | S42: O cartório montou o grupo… com a lista que ele deixou. Sem nomes. Um dos números… não é de ninguém daqui. | T42: O cartório montou o grupo com a lista que ele deixou, sem nomes, não foi? Um dos números não é de ninguém daqui… | U42: O cartório montou o grupo com a lista que ele deixou, sem nomes. Um dos números não é de ninguém daqui. | V42: Bom… o cartório montou o grupo com a lista que ele deixou, sem nomes. E um dos números não é de ninguém daqui. | W42: Para a ata: o cartório montou o grupo com a lista que ele deixou, sem nomes. Um dos números não é de ninguém daqui. | X42: =SUMPRODUCT(($G42:$P42<>"")*ISERROR(SEARCH($G42:$P42,R42)))+SUMPRODUCT(($G42:$P42<>"")*ISERROR(SEARCH($G42:$P42,S42)))+SUMPRODUCT(($G42:$P42<>"")*ISERROR(SEARCH($G42:$P42,T42)))+SUMPRODUCT(($G42:$P42<>"")*ISERROR(SEARCH($G42:$P42,U42)))+SUMPRODUCT(($G42:$P42<>"")*ISERROR(SEARCH($G42:$P42,V42)))+SUMPRODUCT(($G42:$P42<>"")*ISERROR(SEARCH($G42:$P42,W42)))
A43: c2-41 | B43: debate do capítulo | C43: resposta | D43: voz(['jornalista','observadora','jardineiro']) | E43: grupo | G43: celular dele | H43: nesta sala | Q43: Então alguém está com o celular dele. E sabe o que se diz nesta sala. | R43: Então alguém está com o celular dele! E sabe o que se diz nesta sala, que beleza. | S43: Então alguém… está com o celular dele. E sabe o que se diz… nesta sala. | T43: Então alguém está com o celular dele? E sabe o que se diz nesta sala… é isso? | U43: Então alguém está com o celular dele, mexendo no que era dele. E sabe o que se diz nesta sala. | V43: É o que dá, tanta demora… Então alguém está com o celular dele. E sabe o que se diz nesta sala. | W43: Conclusão: alguém está com o celular dele. E sabe o que se diz nesta sala. | X43: =SUMPRODUCT(($G43:$P43<>"")*ISERROR(SEARCH($G43:$P43,R43)))+SUMPRODUCT(($G43:$P43<>"")*ISERROR(SEARCH($G43:$P43,S43)))+SUMPRODUCT(($G43:$P43<>"")*ISERROR(SEARCH($G43:$P43,T43)))+SUMPRODUCT(($G43:$P43<>"")*ISERROR(SEARCH($G43:$P43,U43)))+SUMPRODUCT(($G43:$P43<>"")*ISERROR(SEARCH($G43:$P43,V43)))+SUMPRODUCT(($G43:$P43<>"")*ISERROR(SEARCH($G43:$P43,W43)))

Sheet Cap 3
A1: ID | B1: Cena | C1: Momento | D1: Quem fala | E1: Com quem | F1: Condição | G1: Item 1 | H1: Item 2 | I1: Item 3 | J1: Item 4 | K1: Item 5 | L1: Item 6 | M1: Item 7 | N1: Item 8 | O1: Item 9 | P1: Item 10 | Q1: Fala original | R1: Explosivo | S1: Calmo opaco | T1: Ingênuo | U1: Leal cego | V1: Evasivo | W1: Burocrata | X1: Faltam | Y1: Nota
A2: c3-01 | B2: volta à sala do relógio: marca de mão molhada | C2: roteiro | D2: jardineiro (ou residente, se não houver jardineiro) | E2: grupo | G2: jardim | H2: porta-janela | I2: encostada | Q2: Alguém veio do jardim. A porta-janela está só encostada. | R2: Alguém veio do jardim! E a porta-janela está só encostada. | S2: Alguém… do jardim. A porta-janela… só encostada. | T2: Alguém veio do jardim… A porta-janela está só encostada. Alguém mais viu? | U2: Alguém veio do jardim. A porta-janela está só encostada. | V2: Tudo pingando lá fora… Alguém veio do jardim. A porta-janela está só encostada. | W2: Consta: alguém veio do jardim. Porta-janela só encostada. | X2: =SUMPRODUCT(($G2:$P2<>"")*ISERROR(SEARCH($G2:$P2,R2)))+SUMPRODUCT(($G2:$P2<>"")*ISERROR(SEARCH($G2:$P2,S2)))+SUMPRODUCT(($G2:$P2<>"")*ISERROR(SEARCH($G2:$P2,T2)))+SUMPRODUCT(($G2:$P2<>"")*ISERROR(SEARCH($G2:$P2,U2)))+SUMPRODUCT(($G2:$P2<>"")*ISERROR(SEARCH($G2:$P2,V2)))+SUMPRODUCT(($G2:$P2<>"")*ISERROR(SEARCH($G2:$P2,W2))) | Y2: Narração: duas falas citadas com 'disse {jardineiro|residente}' entre elas; aqui unidas.
A3: c3-02 | B3: a Observadora examina a marca | C3: roteiro | D3: observadora | E3: grupo | F3: M.fala!=='p4' | G3: recente | H3: minutos | I3: apoiou | J3: empurrou | K3: {mao_detalhe} | Q3: Recente. Minutos. É a mão de quem se apoiou, não de quem empurrou. E tem {mao_detalhe}. | R3: Recente! Coisa de minutos. É a mão de quem se apoiou, não de quem empurrou. E tem {mao_detalhe}. | S3: Recente… minutos. Quem se apoiou… não quem empurrou. E tem {mao_detalhe}. | T3: É recente… minutos. É a mão de quem se apoiou, não de quem empurrou. E tem {mao_detalhe}, vocês viram? | U3: Recente. Minutos. Mão de quem se apoiou, não de quem empurrou. E tem {mao_detalhe}. | V3: A umidade engana, mas é recente. Minutos. Mão de quem se apoiou, não de quem empurrou. E tem {mao_detalhe}. | W3: Marca recente, minutos. Mão de quem se apoiou, não de quem empurrou. Detalhe: {mao_detalhe}. | X3: =SUMPRODUCT(($G3:$P3<>"")*ISERROR(SEARCH($G3:$P3,R3)))+SUMPRODUCT(($G3:$P3<>"")*ISERROR(SEARCH($G3:$P3,S3)))+SUMPRODUCT(($G3:$P3<>"")*ISERROR(SEARCH($G3:$P3,T3)))+SUMPRODUCT(($G3:$P3<>"")*ISERROR(SEARCH($G3:$P3,U3)))+SUMPRODUCT(($G3:$P3<>"")*ISERROR(SEARCH($G3:$P3,V3)))+SUMPRODUCT(($G3:$P3<>"")*ISERROR(SEARCH($G3:$P3,W3))) | Y3: {mao_detalhe} = MAO_C3[M.mao].detalhe (texto por partida, pendente); ficha nova, não existe no código, que concatena mao.detalhe.
A4: c3-03 | B4: a Observadora examina a marca (partida com p4) | C4: roteiro | D4: observadora | E4: grupo | F4: M.fala==='p4' | G4: recente | H4: minutos | I4: {mao_detalhe} | Q4: Recente. Minutos. E tem {mao_detalhe}. | R4: Recente! Coisa de minutos. E tem {mao_detalhe}. | S4: Recente… minutos. E tem {mao_detalhe}. | T4: É recente… minutos. E tem {mao_detalhe}, estão vendo? | U4: Recente. Minutos. E tem {mao_detalhe}. | V4: A umidade engana… é recente. Minutos. E tem {mao_detalhe}. | W4: Marca recente: minutos. Detalhe: {mao_detalhe}. | X4: =SUMPRODUCT(($G4:$P4<>"")*ISERROR(SEARCH($G4:$P4,R4)))+SUMPRODUCT(($G4:$P4<>"")*ISERROR(SEARCH($G4:$P4,S4)))+SUMPRODUCT(($G4:$P4<>"")*ISERROR(SEARCH($G4:$P4,T4)))+SUMPRODUCT(($G4:$P4<>"")*ISERROR(SEARCH($G4:$P4,U4)))+SUMPRODUCT(($G4:$P4<>"")*ISERROR(SEARCH($G4:$P4,V4)))+SUMPRODUCT(($G4:$P4<>"")*ISERROR(SEARCH($G4:$P4,W4))) | Y4: Variante sem a frase do apoio: na P4 ela vem depois, na tabela FALA.p4 (por partida).
A5: c3-04 | B5: palavras escritas com força na carta | C5: roteiro | D5: M.palavras (investigador|observadora|jornalista|advogado|tabeliao|policial|herdeira) | E5: grupo | G5: palavras | H5: força | I5: sem tinta | Q5: Tem palavras escritas com força. Só com força, sem tinta. | R5: Tem palavras escritas com força! Só com força, sem tinta. | S5: Palavras… escritas com força. Sem tinta. | T5: Tem palavras escritas com força… só com força, sem tinta. Dá pra ver, não dá? | U5: Tem palavras escritas com força. Só com força, sem tinta. | V5: Frio de doer os dedos… Tem palavras escritas com força. Só com força, sem tinta. | W5: Anoto: palavras escritas com força. Só com força, sem tinta. | X5: =SUMPRODUCT(($G5:$P5<>"")*ISERROR(SEARCH($G5:$P5,R5)))+SUMPRODUCT(($G5:$P5<>"")*ISERROR(SEARCH($G5:$P5,S5)))+SUMPRODUCT(($G5:$P5<>"")*ISERROR(SEARCH($G5:$P5,T5)))+SUMPRODUCT(($G5:$P5<>"")*ISERROR(SEARCH($G5:$P5,U5)))+SUMPRODUCT(($G5:$P5<>"")*ISERROR(SEARCH($G5:$P5,V5)))+SUMPRODUCT(($G5:$P5<>"")*ISERROR(SEARCH($G5:$P5,W5))) | Y5: Falante varia por partida e por gênero: sem adjetivo de gênero sobre si.
A6: c3-05 | B6: leitura das palavras escondidas | C6: roteiro | D6: M.palavras (mesmo falante da fala anterior) | E6: grupo | G6: Pare | H6: Pêndulo | Q6: Pare. O. Pêndulo. | R6: Pare. O. Pêndulo. Está escrito! | S6: Pare… o… pêndulo. | T6: Pare… o… pêndulo. É isso mesmo? | U6: Pare. O. Pêndulo. | V6: Pare. O. Pêndulo. | W6: Palavra por palavra: Pare. O. Pêndulo. | X6: =SUMPRODUCT(($G6:$P6<>"")*ISERROR(SEARCH($G6:$P6,R6)))+SUMPRODUCT(($G6:$P6<>"")*ISERROR(SEARCH($G6:$P6,S6)))+SUMPRODUCT(($G6:$P6<>"")*ISERROR(SEARCH($G6:$P6,T6)))+SUMPRODUCT(($G6:$P6<>"")*ISERROR(SEARCH($G6:$P6,U6)))+SUMPRODUCT(($G6:$P6<>"")*ISERROR(SEARCH($G6:$P6,V6)))+SUMPRODUCT(($G6:$P6<>"")*ISERROR(SEARCH($G6:$P6,W6))) | Y6: Narração 'E leu devagar:'. As três palavras são leitura literal da carta e não podem mudar; só o enquadre muda.
A7: c3-06 | B7: a portinhola cede fácil demais | C7: roteiro | D7: investigador | E7: grupo | G7: encostada | H7: abriu | I7: hoje | Q7: Estava só encostada. Alguém já abriu isto hoje. | R7: Estava só encostada! Alguém já abriu isto hoje. | S7: Só encostada… Alguém já abriu. Hoje. | T7: Estava só encostada… alguém já abriu isto hoje? Hoje mesmo? | U7: Estava só encostada. Alguém já abriu isto hoje. | V7: Nessa umidade tudo emperra, menos isto… Estava só encostada. Alguém já abriu isto hoje. | W7: Estado: só encostada. Alguém já abriu isto hoje. | X7: =SUMPRODUCT(($G7:$P7<>"")*ISERROR(SEARCH($G7:$P7,R7)))+SUMPRODUCT(($G7:$P7<>"")*ISERROR(SEARCH($G7:$P7,S7)))+SUMPRODUCT(($G7:$P7<>"")*ISERROR(SEARCH($G7:$P7,T7)))+SUMPRODUCT(($G7:$P7<>"")*ISERROR(SEARCH($G7:$P7,U7)))+SUMPRODUCT(($G7:$P7<>"")*ISERROR(SEARCH($G7:$P7,V7)))+SUMPRODUCT(($G7:$P7<>"")*ISERROR(SEARCH($G7:$P7,W7))) | Y7: Duas falas citadas com 'disse o Investigador' entre elas; aqui unidas. Cena com marco('portinhola') (portão pode pular).
A8: c3-07 | B8: a voz reage ao pêndulo parado e ao estalo | C8: voz | D8: acompanhante | E8: jogador (número desconhecido) | G8: parar | H8: depois | Q8: Parar é fácil. E depois? | R8: Parar foi fácil! E depois? | S8: Parar… E depois? | T8: Parar é fácil… mas e depois? Alguém sabe? | U8: Parar não basta. O que vem depois? | V8: Parar é fácil. E depois? | W8: Parar: feito. Depois: em aberto. | X8: =SUMPRODUCT(($G8:$P8<>"")*ISERROR(SEARCH($G8:$P8,R8)))+SUMPRODUCT(($G8:$P8<>"")*ISERROR(SEARCH($G8:$P8,S8)))+SUMPRODUCT(($G8:$P8<>"")*ISERROR(SEARCH($G8:$P8,T8)))+SUMPRODUCT(($G8:$P8<>"")*ISERROR(SEARCH($G8:$P8,U8)))+SUMPRODUCT(($G8:$P8<>"")*ISERROR(SEARCH($G8:$P8,V8)))+SUMPRODUCT(($G8:$P8<>"")*ISERROR(SEARCH($G8:$P8,W8))) | Y8: Função: depois que o pêndulo para e o trinco solta, a voz avisa que parar não encerra nada e empurra para o passo seguinte. Antigos: guardia 'Cuidado com o que vocês acordam.' / explosiva 'Cinco meses e só agora vocês param o relógio.' / ardilosa 'Parar é fácil. E depois?' (mantido) / quieta 'Ainda não.'
A9: c3-08 | B9: alguém quer afastar o móvel | C9: roteiro | D9: quemAfasta: policial (se cond=tabeliao) ou voz(['residente','jornalista'])||'residente' | E9: grupo | G9: afastar | H9: de uma vez | Q9: Então vamos afastar isso de uma vez. | R9: Então vamos afastar isso de uma vez! Chega de enrolação. | S9: Então… afastar. De uma vez. | T9: Então a gente pode afastar isso de uma vez, não pode? | U9: Então vamos afastar isso de uma vez. | V9: Essa demora toda cansa… então vamos afastar isso de uma vez. | W9: Proposta: afastar isso de uma vez. | X9: =SUMPRODUCT(($G9:$P9<>"")*ISERROR(SEARCH($G9:$P9,R9)))+SUMPRODUCT(($G9:$P9<>"")*ISERROR(SEARCH($G9:$P9,S9)))+SUMPRODUCT(($G9:$P9<>"")*ISERROR(SEARCH($G9:$P9,T9)))+SUMPRODUCT(($G9:$P9<>"")*ISERROR(SEARCH($G9:$P9,U9)))+SUMPRODUCT(($G9:$P9<>"")*ISERROR(SEARCH($G9:$P9,V9)))+SUMPRODUCT(($G9:$P9<>"")*ISERROR(SEARCH($G9:$P9,W9)))
A10: c3-09 | B10: quem conduz o inventário proíbe mover o móvel | C10: roteiro | D10: cond (tabeliao, ou policial se não houver tabelião) | E10: grupo | G10: sem ata | H10: nove e meia | I10: caldo | J10: lista | K10: porta | Q10: Não. Nada se move sem ata e sem todos. Reabro esta sala às nove e meia, depois do caldo, com a lista na mão. Até lá, o móvel fica onde está e alguém fica nesta porta. | R10: Não! Nada se move sem ata e sem todos. Reabro esta sala às nove e meia, depois do caldo, com a lista na mão. Até lá o móvel fica onde está e alguém fica nesta porta. | S10: Não. Sem ata… sem todos… nada se move. Nove e meia, depois do caldo. Com a lista. Até lá… o móvel fica onde está. E alguém nesta porta. | T10: Não… nada se move sem ata e sem todos. Reabro esta sala às nove e meia, depois do caldo, com a lista na mão. Até lá o móvel fica onde está, e alguém fica nesta porta. Tudo bem assim? | U10: Não. Nada se move sem ata e sem todos. Reabro esta sala às nove e meia, depois do caldo, com a lista na mão. Até lá, o móvel fica onde está e alguém fica nesta porta. | V10: Não. Com fome ninguém decide nada direito… Nada se move sem ata e sem todos. Reabro esta sala às nove e meia, depois do caldo, com a lista na mão. Até lá, o móvel fica onde está e alguém fica nesta porta. | W10: Negado. Nada se move sem ata e sem todos. Reabertura desta sala: nove e meia, depois do caldo, com a lista na mão. Até lá: móvel onde está, alguém nesta porta. | X10: =SUMPRODUCT(($G10:$P10<>"")*ISERROR(SEARCH($G10:$P10,R10)))+SUMPRODUCT(($G10:$P10<>"")*ISERROR(SEARCH($G10:$P10,S10)))+SUMPRODUCT(($G10:$P10<>"")*ISERROR(SEARCH($G10:$P10,T10)))+SUMPRODUCT(($G10:$P10<>"")*ISERROR(SEARCH($G10:$P10,U10)))+SUMPRODUCT(($G10:$P10<>"")*ISERROR(SEARCH($G10:$P10,V10)))+SUMPRODUCT(($G10:$P10<>"")*ISERROR(SEARCH($G10:$P10,W10))) | Y10: Narração: '<i>"Não"</i>, disse {cond}.' e depois o resto; aqui unidas.
A11: c3-10 | B11: pergunta sobre o relógio parado | C11: roteiro | D11: não atribuído (alguém do grupo) | E11: grupo | G11: relógio | H11: parado | Q11: E o relógio parado? | R11: E o relógio parado?! | S11: E… o relógio parado? | T11: E o relógio parado…? | U11: E o relógio parado? | V11: Hum… e o relógio parado? | W11: E o relógio parado? | X11: =SUMPRODUCT(($G11:$P11<>"")*ISERROR(SEARCH($G11:$P11,R11)))+SUMPRODUCT(($G11:$P11<>"")*ISERROR(SEARCH($G11:$P11,S11)))+SUMPRODUCT(($G11:$P11<>"")*ISERROR(SEARCH($G11:$P11,T11)))+SUMPRODUCT(($G11:$P11<>"")*ISERROR(SEARCH($G11:$P11,U11)))+SUMPRODUCT(($G11:$P11<>"")*ISERROR(SEARCH($G11:$P11,V11)))+SUMPRODUCT(($G11:$P11<>"")*ISERROR(SEARCH($G11:$P11,W11))) | Y11: Falante não identificado na narração: sem marca de gênero.
A12: c3-11 | B12: o Eletricista religa o pêndulo | C12: roteiro | D12: eletricista | E12: grupo | F12: M.religa==='eletricista' | G12: parado | H12: mola | I12: mecanismo | Q12: Relógio desses parado muito tempo força a mola. Deixa comigo, tenho mão boa pra mecanismo. | R12: Relógio desses parado muito tempo força a mola! Deixa comigo, tenho mão boa pra mecanismo. | S12: Parado muito tempo… força a mola. Deixa comigo. Mão boa pra mecanismo. | T12: Relógio desses parado muito tempo força a mola, sabia? Deixa comigo, tenho mão boa pra mecanismo, sério. | U12: Relógio desses parado muito tempo força a mola. Deixa comigo, tenho mão boa pra mecanismo. | V12: Até a gente emperra numa noite úmida assim… Relógio desses parado muito tempo força a mola. Deixa comigo, tenho mão boa pra mecanismo. | W12: Relógio desses, parado muito tempo: força a mola. Deixe comigo. Mão boa pra mecanismo. | X12: =SUMPRODUCT(($G12:$P12<>"")*ISERROR(SEARCH($G12:$P12,R12)))+SUMPRODUCT(($G12:$P12<>"")*ISERROR(SEARCH($G12:$P12,S12)))+SUMPRODUCT(($G12:$P12<>"")*ISERROR(SEARCH($G12:$P12,T12)))+SUMPRODUCT(($G12:$P12<>"")*ISERROR(SEARCH($G12:$P12,U12)))+SUMPRODUCT(($G12:$P12<>"")*ISERROR(SEARCH($G12:$P12,V12)))+SUMPRODUCT(($G12:$P12<>"")*ISERROR(SEARCH($G12:$P12,W12))) | Y12: Só nas partidas em que M.religa é o eletricista (8, 12). Duas falas citadas com 'disse o Eletricista, já com a mão no vidro' entre elas.
A13: c3-12 | B13: quem religou acerta os ponteiros | C13: roteiro | D13: M.religa (observadora|governanta|tabeliao|residente|eletricista|herdeira|chefe_de_cozinha) | E13: grupo | G13: parado | H13: minutos | I13: devolver | Q13: Ficou parado uns minutos. Vou devolver o que perdeu. | R13: Ficou parado uns minutos! Vou devolver o que perdeu. | S13: Parado… uns minutos. Vou devolver o que perdeu. | T13: Ficou parado uns minutos, não foi? Vou devolver o que perdeu. | U13: Ficou parado uns minutos. Vou devolver o que perdeu. | V13: O tempo se arrasta numa noite dessas… Ficou parado uns minutos. Vou devolver o que perdeu. | W13: Parado: uns minutos. Vou devolver o que perdeu. | X13: =SUMPRODUCT(($G13:$P13<>"")*ISERROR(SEARCH($G13:$P13,R13)))+SUMPRODUCT(($G13:$P13<>"")*ISERROR(SEARCH($G13:$P13,S13)))+SUMPRODUCT(($G13:$P13<>"")*ISERROR(SEARCH($G13:$P13,T13)))+SUMPRODUCT(($G13:$P13<>"")*ISERROR(SEARCH($G13:$P13,U13)))+SUMPRODUCT(($G13:$P13<>"")*ISERROR(SEARCH($G13:$P13,V13)))+SUMPRODUCT(($G13:$P13<>"")*ISERROR(SEARCH($G13:$P13,W13))) | Y13: Falante varia por partida e por gênero; 'parado' refere-se ao relógio.
A14: c3-13 | B14: o Policial confere os quatro minutos | C14: roteiro | D14: policial | E14: grupo | G14: quatro | H14: como estava | Q14: Quatro na frente. Como estava. | R14: Quatro na frente! Como estava. | S14: Quatro… na frente. Como estava. | T14: Quatro na frente… como estava, não era? | U14: Quatro na frente. Como estava. | V14: Deixa eu ver… quatro na frente. Como estava. | W14: Conferido: quatro na frente. Como estava. | X14: =SUMPRODUCT(($G14:$P14<>"")*ISERROR(SEARCH($G14:$P14,R14)))+SUMPRODUCT(($G14:$P14<>"")*ISERROR(SEARCH($G14:$P14,S14)))+SUMPRODUCT(($G14:$P14<>"")*ISERROR(SEARCH($G14:$P14,T14)))+SUMPRODUCT(($G14:$P14<>"")*ISERROR(SEARCH($G14:$P14,U14)))+SUMPRODUCT(($G14:$P14<>"")*ISERROR(SEARCH($G14:$P14,V14)))+SUMPRODUCT(($G14:$P14<>"")*ISERROR(SEARCH($G14:$P14,W14))) | Y14: Duas falas citadas com 'conferiu o Policial' entre elas. Se o jogador é o Policial, a fala é dele mesmo (narração fala 'o seu pulso').
A15: c3-14 | B15: a Herdeira, baixo, sobre o relógio adiantado | C15: roteiro | D15: herdeira | E15: grupo | G15: como | H15: ele deixava | Q15: Como ele deixava. | R15: Como ele deixava! | S15: Como… ele deixava. | T15: Como ele deixava… | U15: Como ele deixava. | V15: Bem… como ele deixava. | W15: Como ele deixava. | X15: =SUMPRODUCT(($G15:$P15<>"")*ISERROR(SEARCH($G15:$P15,R15)))+SUMPRODUCT(($G15:$P15<>"")*ISERROR(SEARCH($G15:$P15,S15)))+SUMPRODUCT(($G15:$P15<>"")*ISERROR(SEARCH($G15:$P15,T15)))+SUMPRODUCT(($G15:$P15<>"")*ISERROR(SEARCH($G15:$P15,U15)))+SUMPRODUCT(($G15:$P15<>"")*ISERROR(SEARCH($G15:$P15,V15)))+SUMPRODUCT(($G15:$P15<>"")*ISERROR(SEARCH($G15:$P15,W15))) | Y15: Narração marca 'baixo'.
A16: c3-15 | B16: depois da marca de mão | C16: chat | D16: voz(['policial','residente','advogado'],M.mao) | E16: grupo | G16: saiu | H16: biblioteca | I16: minuto | J16: inventário | Q16: Alguém saiu da biblioteca no minuto do inventário. | R16: Alguém saiu da biblioteca no minuto do inventário! Bonito, hein. | S16: Alguém saiu… da biblioteca. No minuto do inventário. | T16: Alguém saiu da biblioteca no minuto do inventário… Vocês também perceberam? | U16: Alguém saiu da biblioteca no minuto do inventário. | V16: Tanta demora, tanto cansaço… mas alguém saiu da biblioteca no minuto do inventário. | W16: Consta: alguém saiu da biblioteca no minuto do inventário. | X16: =SUMPRODUCT(($G16:$P16<>"")*ISERROR(SEARCH($G16:$P16,R16)))+SUMPRODUCT(($G16:$P16<>"")*ISERROR(SEARCH($G16:$P16,S16)))+SUMPRODUCT(($G16:$P16<>"")*ISERROR(SEARCH($G16:$P16,T16)))+SUMPRODUCT(($G16:$P16<>"")*ISERROR(SEARCH($G16:$P16,U16)))+SUMPRODUCT(($G16:$P16<>"")*ISERROR(SEARCH($G16:$P16,V16)))+SUMPRODUCT(($G16:$P16<>"")*ISERROR(SEARCH($G16:$P16,W16)))
A17: c3-16 | B17: depois de religado o relógio | C17: chat | D17: voz(['jornalista','herdeira','residente']) | E17: grupo | G17: pare o pêndulo | H17: parasse | I17: relógio | J17: por quê | Q17: Pare o pêndulo. Ele queria que alguém parasse o relógio. Por quê? | R17: Pare o pêndulo! Ele queria que alguém parasse o relógio. Por quê? | S17: Pare o pêndulo… Ele queria que alguém parasse o relógio. Por quê? | T17: Pare o pêndulo… ele queria que alguém parasse o relógio. Mas por quê? | U17: Pare o pêndulo. Ele queria que alguém parasse o relógio, e ele nunca pedia à toa. Por quê? | V17: Essa chuva não deixa ninguém pensar… Pare o pêndulo. Ele queria que alguém parasse o relógio. Por quê? | W17: Texto: pare o pêndulo. Vontade dele: que alguém parasse o relógio. Por quê? | X17: =SUMPRODUCT(($G17:$P17<>"")*ISERROR(SEARCH($G17:$P17,R17)))+SUMPRODUCT(($G17:$P17<>"")*ISERROR(SEARCH($G17:$P17,S17)))+SUMPRODUCT(($G17:$P17<>"")*ISERROR(SEARCH($G17:$P17,T17)))+SUMPRODUCT(($G17:$P17<>"")*ISERROR(SEARCH($G17:$P17,U17)))+SUMPRODUCT(($G17:$P17<>"")*ISERROR(SEARCH($G17:$P17,V17)))+SUMPRODUCT(($G17:$P17<>"")*ISERROR(SEARCH($G17:$P17,W17)))
A18: c3-17 | B18: depois de religado o relógio | C18: chat | D18: voz(['advogado','tabeliao','observadora']) | E18: grupo | G18: carta | H18: parar o pêndulo | I18: à toa | Q18: Ele deixou uma carta mandando parar o pêndulo. Ninguém escreve isso à toa. | R18: Ele deixou uma carta mandando parar o pêndulo! Ninguém escreve isso à toa. | S18: Uma carta… mandando parar o pêndulo. Ninguém escreve isso à toa. | T18: Ele deixou uma carta mandando parar o pêndulo… Ninguém escreve isso à toa, escreve? | U18: Ele sabia o que fazia. Deixou uma carta mandando parar o pêndulo. Ninguém escreve isso à toa. | V18: Noite comprida, essa… Ele deixou uma carta mandando parar o pêndulo. Ninguém escreve isso à toa. | W18: Para a ata: carta deixada por ele, mandando parar o pêndulo. Ninguém escreve isso à toa. | X18: =SUMPRODUCT(($G18:$P18<>"")*ISERROR(SEARCH($G18:$P18,R18)))+SUMPRODUCT(($G18:$P18<>"")*ISERROR(SEARCH($G18:$P18,S18)))+SUMPRODUCT(($G18:$P18<>"")*ISERROR(SEARCH($G18:$P18,T18)))+SUMPRODUCT(($G18:$P18<>"")*ISERROR(SEARCH($G18:$P18,U18)))+SUMPRODUCT(($G18:$P18<>"")*ISERROR(SEARCH($G18:$P18,V18)))+SUMPRODUCT(($G18:$P18<>"")*ISERROR(SEARCH($G18:$P18,W18))) | Y18: Comentário de 01/10: não pode insinuar o que há atrás do fundo do móvel.
A19: c3-18 | B19: pergunta no privado | C19: privado | D19: voz(['residente','jornalista','herdeira'],M.mao) | E19: jogador no privado | G19: viu | H19: saiu | I19: biblioteca | J19: inventário | Q19: Você viu quem saiu da biblioteca no minuto do inventário? | R19: Você viu ou não viu quem saiu da biblioteca no minuto do inventário?! | S19: Você viu… quem saiu da biblioteca? No minuto do inventário. | T19: Desculpa perguntar… você viu quem saiu da biblioteca no minuto do inventário? | U19: Você viu quem saiu da biblioteca no minuto do inventário? | V19: Que frio nesse corredor… Você viu quem saiu da biblioteca no minuto do inventário? | W19: Pergunta objetiva: você viu quem saiu da biblioteca no minuto do inventário? | X19: =SUMPRODUCT(($G19:$P19<>"")*ISERROR(SEARCH($G19:$P19,R19)))+SUMPRODUCT(($G19:$P19<>"")*ISERROR(SEARCH($G19:$P19,S19)))+SUMPRODUCT(($G19:$P19<>"")*ISERROR(SEARCH($G19:$P19,T19)))+SUMPRODUCT(($G19:$P19<>"")*ISERROR(SEARCH($G19:$P19,U19)))+SUMPRODUCT(($G19:$P19<>"")*ISERROR(SEARCH($G19:$P19,V19)))+SUMPRODUCT(($G19:$P19<>"")*ISERROR(SEARCH($G19:$P19,W19)))
A20: c3-19 | B20: jogador pergunta 'De quem é a mão no móvel?' | C20: resposta | D20: fala(['policial','advogado','residente'],...,M.mao) | E20: grupo | G20: mãos | H20: todo mundo | I20: marca | Q20: Olhe as mãos de todo mundo. A marca diz muito. | R20: Olhe as mãos de todo mundo! A marca diz muito. | S20: As mãos… de todo mundo. A marca diz muito. | T20: Olhe as mãos de todo mundo… a marca diz muito, não diz? | U20: Olhe as mãos de todo mundo. A marca diz muito. | V20: Cansaço, a essa altura… Olhe as mãos de todo mundo. A marca diz muito. | W20: Verificar: as mãos de todo mundo. A marca diz muito. | X20: =SUMPRODUCT(($G20:$P20<>"")*ISERROR(SEARCH($G20:$P20,R20)))+SUMPRODUCT(($G20:$P20<>"")*ISERROR(SEARCH($G20:$P20,S20)))+SUMPRODUCT(($G20:$P20<>"")*ISERROR(SEARCH($G20:$P20,T20)))+SUMPRODUCT(($G20:$P20<>"")*ISERROR(SEARCH($G20:$P20,U20)))+SUMPRODUCT(($G20:$P20<>"")*ISERROR(SEARCH($G20:$P20,V20)))+SUMPRODUCT(($G20:$P20<>"")*ISERROR(SEARCH($G20:$P20,W20)))
A21: c3-20 | B21: jogador pergunta 'O que mais está escrito na carta?' | C21: resposta | D21: fala(['advogado','tabeliao','observadora'],...,M.palavras) | E21: grupo | G21: resto | H21: filha | I21: pare o pêndulo | J21: escondido | Q21: O resto é para {g:her:a filha|o filho}. Só "pare o pêndulo" estava escondido. | R21: O resto é para {g:her:a filha|o filho}! Só "pare o pêndulo" estava escondido. | S21: O resto… é para {g:her:a filha|o filho}. Só "pare o pêndulo"… escondido. | T21: O resto é para {g:her:a filha|o filho}. Só "pare o pêndulo" estava escondido, mais nada, pelo que eu li. | U21: O resto é para {g:her:a filha|o filho}, e fica com {g:her:ela|ele}. Só "pare o pêndulo" estava escondido. | V21: A noite está longa… O resto é para {g:her:a filha|o filho}. Só "pare o pêndulo" estava escondido. | W21: Consta: o resto é para {g:her:a filha|o filho}. Único trecho escondido: "pare o pêndulo". | X21: =SUMPRODUCT(($G21:$P21<>"")*ISERROR(SEARCH($G21:$P21,R21)))+SUMPRODUCT(($G21:$P21<>"")*ISERROR(SEARCH($G21:$P21,S21)))+SUMPRODUCT(($G21:$P21<>"")*ISERROR(SEARCH($G21:$P21,T21)))+SUMPRODUCT(($G21:$P21<>"")*ISERROR(SEARCH($G21:$P21,U21)))+SUMPRODUCT(($G21:$P21<>"")*ISERROR(SEARCH($G21:$P21,V21)))+SUMPRODUCT(($G21:$P21<>"")*ISERROR(SEARCH($G21:$P21,W21)))
A22: c3-21 | B22: jogador pergunta 'O que foi esse estalo?' | C22: resposta | D22: fala(['residente','eletricista','observadora']) | E22: grupo | G22: trinco | H22: pêndulo parou | I22: soltou | J22: lá atrás | Q22: Um trinco. Quando o pêndulo parou, alguma coisa soltou lá atrás. | R22: Um trinco! Quando o pêndulo parou, alguma coisa soltou lá atrás. | S22: Um trinco… O pêndulo parou… alguma coisa soltou. Lá atrás. | T22: Um trinco… Quando o pêndulo parou, alguma coisa soltou lá atrás. Deu um susto, não deu? | U22: Um trinco. Quando o pêndulo parou, alguma coisa soltou lá atrás. | V22: A gente se distrai com o frio… mas foi um trinco. Quando o pêndulo parou, alguma coisa soltou lá atrás. | W22: Um trinco. Momento: quando o pêndulo parou. Efeito: alguma coisa soltou lá atrás. | X22: =SUMPRODUCT(($G22:$P22<>"")*ISERROR(SEARCH($G22:$P22,R22)))+SUMPRODUCT(($G22:$P22<>"")*ISERROR(SEARCH($G22:$P22,S22)))+SUMPRODUCT(($G22:$P22<>"")*ISERROR(SEARCH($G22:$P22,T22)))+SUMPRODUCT(($G22:$P22<>"")*ISERROR(SEARCH($G22:$P22,U22)))+SUMPRODUCT(($G22:$P22<>"")*ISERROR(SEARCH($G22:$P22,V22)))+SUMPRODUCT(($G22:$P22<>"")*ISERROR(SEARCH($G22:$P22,W22)))
A23: c3-22 | B23: jogador pergunta 'Por que não afastar o móvel agora?' | C23: resposta | D23: fala(['tabeliao','advogado','policial']) | E23: grupo | G23: sem ata | H23: nove e meia | I23: todos | Q23: Sem ata, nada se move. Às nove e meia, com todos. | R23: Sem ata, nada se move! Às nove e meia, com todos. | S23: Sem ata, nada se move. Nove e meia… com todos. | T23: Sem ata, nada se move… Às nove e meia, com todos. Não foi isso? | U23: Sem ata, nada se move. Às nove e meia, com todos. | V23: Uma hora dessas, com fome… Sem ata, nada se move. Às nove e meia, com todos. | W23: Norma: sem ata, nada se move. Reabertura às nove e meia, com todos. | X23: =SUMPRODUCT(($G23:$P23<>"")*ISERROR(SEARCH($G23:$P23,R23)))+SUMPRODUCT(($G23:$P23<>"")*ISERROR(SEARCH($G23:$P23,S23)))+SUMPRODUCT(($G23:$P23<>"")*ISERROR(SEARCH($G23:$P23,T23)))+SUMPRODUCT(($G23:$P23<>"")*ISERROR(SEARCH($G23:$P23,U23)))+SUMPRODUCT(($G23:$P23<>"")*ISERROR(SEARCH($G23:$P23,V23)))+SUMPRODUCT(($G23:$P23<>"")*ISERROR(SEARCH($G23:$P23,W23)))
A24: c3-23 | B24: jogador diz 'Vamos ficar juntos.' | C24: resposta | D24: fala(['policial','herdeira']) | E24: grupo | G24: concordo | Q24: Concordo. | R24: Concordo! | S24: …concordo. | T24: Concordo… | U24: Concordo. | V24: Ah… concordo. | W24: Concordo. | X24: =SUMPRODUCT(($G24:$P24<>"")*ISERROR(SEARCH($G24:$P24,R24)))+SUMPRODUCT(($G24:$P24<>"")*ISERROR(SEARCH($G24:$P24,S24)))+SUMPRODUCT(($G24:$P24<>"")*ISERROR(SEARCH($G24:$P24,T24)))+SUMPRODUCT(($G24:$P24<>"")*ISERROR(SEARCH($G24:$P24,U24)))+SUMPRODUCT(($G24:$P24<>"")*ISERROR(SEARCH($G24:$P24,V24)))+SUMPRODUCT(($G24:$P24<>"")*ISERROR(SEARCH($G24:$P24,W24))) | Y24: Item 'juntos' vem da frase do jogador a que a fala responde (não é fato novo).
A25: c3-24 | B25: jogador pergunta no privado 'Quem saiu da biblioteca?' | C25: resposta | D25: interlocutor do privado (voz(['residente','jornalista','herdeira'],M.mao)) | E25: jogador no privado | G25: não vi | H25: dois | I25: estantes | Q25: Não vi. O minuto virou dois, e todo mundo andou entre as estantes. | R25: Não vi! O minuto virou dois, e todo mundo andou entre as estantes. | S25: Não vi… O minuto virou dois. Todo mundo… entre as estantes. | T25: Desculpa, não vi… O minuto virou dois, e todo mundo andou entre as estantes. | U25: Não vi. O minuto virou dois, e todo mundo andou entre as estantes. | V25: Ah, aquela demora… Não vi. O minuto virou dois, e todo mundo andou entre as estantes. | W25: Não vi. Observação: o minuto virou dois; todo mundo andou entre as estantes. | X25: =SUMPRODUCT(($G25:$P25<>"")*ISERROR(SEARCH($G25:$P25,R25)))+SUMPRODUCT(($G25:$P25<>"")*ISERROR(SEARCH($G25:$P25,S25)))+SUMPRODUCT(($G25:$P25<>"")*ISERROR(SEARCH($G25:$P25,T25)))+SUMPRODUCT(($G25:$P25<>"")*ISERROR(SEARCH($G25:$P25,U25)))+SUMPRODUCT(($G25:$P25<>"")*ISERROR(SEARCH($G25:$P25,V25)))+SUMPRODUCT(($G25:$P25<>"")*ISERROR(SEARCH($G25:$P25,W25))) | Y25: Falante de gênero variável.
A26: c3-25 | B26: jogador pergunta no privado 'Você ouviu o estalo?' | C26: resposta | D26: interlocutor do privado | E26: jogador no privado | G26: ouvi | H26: fundo do móvel | Q26: Ouvi. Veio do fundo do móvel. | R26: Ouvi! Veio do fundo do móvel. | S26: Ouvi… Do fundo do móvel. | T26: Ouvi, sim… veio do fundo do móvel, não foi? | U26: Ouvi. Veio do fundo do móvel. | V26: Ouvi… no meio da chuva lá fora, mas ouvi. Veio do fundo do móvel. | W26: Ouvi. Origem: fundo do móvel. | X26: =SUMPRODUCT(($G26:$P26<>"")*ISERROR(SEARCH($G26:$P26,R26)))+SUMPRODUCT(($G26:$P26<>"")*ISERROR(SEARCH($G26:$P26,S26)))+SUMPRODUCT(($G26:$P26<>"")*ISERROR(SEARCH($G26:$P26,T26)))+SUMPRODUCT(($G26:$P26<>"")*ISERROR(SEARCH($G26:$P26,U26)))+SUMPRODUCT(($G26:$P26<>"")*ISERROR(SEARCH($G26:$P26,V26)))+SUMPRODUCT(($G26:$P26<>"")*ISERROR(SEARCH($G26:$P26,W26)))
A27: c3-26 | B27: jogador diz no privado 'Não confio em ninguém aqui.' | C27: resposta | D27: interlocutor do privado | E27: jogador no privado | G27: nem eu | Q27: Nem eu. | R27: Nem eu! | S27: … Nem eu. | T27: Nem eu… | U27: Nem eu. | V27: Nem eu. | W27: Nem eu. | X27: =SUMPRODUCT(($G27:$P27<>"")*ISERROR(SEARCH($G27:$P27,R27)))+SUMPRODUCT(($G27:$P27<>"")*ISERROR(SEARCH($G27:$P27,S27)))+SUMPRODUCT(($G27:$P27<>"")*ISERROR(SEARCH($G27:$P27,T27)))+SUMPRODUCT(($G27:$P27<>"")*ISERROR(SEARCH($G27:$P27,U27)))+SUMPRODUCT(($G27:$P27<>"")*ISERROR(SEARCH($G27:$P27,V27)))+SUMPRODUCT(($G27:$P27<>"")*ISERROR(SEARCH($G27:$P27,W27))) | Y27: Item 'confio' vem da frase do jogador a que a fala responde.
A28: c3-27 | B28: debate: o que a marca molhada prova | C28: resposta | D28: fala(['policial','residente','tabeliao']) | E28: grupo (debate) | G28: prova | H28: jardim | I28: minuto | J28: biblioteca | Q28: Prova que alguém entrou pelo jardim no minuto em que todos estavam na biblioteca. | R28: Prova que alguém entrou pelo jardim no minuto em que todos estavam na biblioteca! Isso é óbvio. | S28: Prova… que alguém entrou pelo jardim. No minuto… em que todos estavam na biblioteca. | T28: Prova que alguém entrou pelo jardim no minuto em que todos estavam na biblioteca… não prova? | U28: Prova que alguém entrou pelo jardim no minuto em que todos estavam na biblioteca. Só isso. | V28: Lá fora estava encharcado… mas prova que alguém entrou pelo jardim no minuto em que todos estavam na biblioteca. | W28: Prova, item único: alguém entrou pelo jardim no minuto em que todos estavam na biblioteca. | X28: =SUMPRODUCT(($G28:$P28<>"")*ISERROR(SEARCH($G28:$P28,R28)))+SUMPRODUCT(($G28:$P28<>"")*ISERROR(SEARCH($G28:$P28,S28)))+SUMPRODUCT(($G28:$P28<>"")*ISERROR(SEARCH($G28:$P28,T28)))+SUMPRODUCT(($G28:$P28<>"")*ISERROR(SEARCH($G28:$P28,U28)))+SUMPRODUCT(($G28:$P28<>"")*ISERROR(SEARCH($G28:$P28,V28)))+SUMPRODUCT(($G28:$P28<>"")*ISERROR(SEARCH($G28:$P28,W28)))
A29: c3-28 | B29: debate: o que a marca molhada não prova | C29: resposta | D29: fala(['advogado','observadora','herdeira']) | E29: grupo (debate) | G29: não prova | H29: relógio | I29: apoiou | J29: empurrou | Q29: Não prova que mexeu no relógio. É a mão de quem se apoiou, não de quem empurrou. | R29: Não prova que mexeu no relógio! É a mão de quem se apoiou, não de quem empurrou. | S29: Não prova… que mexeu no relógio. Quem se apoiou… não quem empurrou. | T29: Mas não prova que mexeu no relógio… É a mão de quem se apoiou, não de quem empurrou, lembram? | U29: Não prova que mexeu no relógio. É a mão de quem se apoiou, não de quem empurrou. Daí eu não acuso ninguém. | V29: Noite longa, essa… Não prova que mexeu no relógio. É a mão de quem se apoiou, não de quem empurrou. | W29: Não prova que mexeu no relógio. Tipo de marca: quem se apoiou, não quem empurrou. | X29: =SUMPRODUCT(($G29:$P29<>"")*ISERROR(SEARCH($G29:$P29,R29)))+SUMPRODUCT(($G29:$P29<>"")*ISERROR(SEARCH($G29:$P29,S29)))+SUMPRODUCT(($G29:$P29<>"")*ISERROR(SEARCH($G29:$P29,T29)))+SUMPRODUCT(($G29:$P29<>"")*ISERROR(SEARCH($G29:$P29,U29)))+SUMPRODUCT(($G29:$P29<>"")*ISERROR(SEARCH($G29:$P29,V29)))+SUMPRODUCT(($G29:$P29<>"")*ISERROR(SEARCH($G29:$P29,W29)))
A30: c3-29 | B30: debate: o motivo da ida ao jardim | C30: resposta | D30: fala(['jornalista','jardineiro','governanta']) | E30: grupo (debate) | G30: não prova | H30: esconder | I30: jardim | J30: outro motivo | Q30: E não prova que foi para esconder alguma coisa. Pode ter ido ao jardim por outro motivo. | R30: E não prova que foi para esconder alguma coisa! Pode ter ido ao jardim por outro motivo. | S30: E não prova… que foi para esconder alguma coisa. Ao jardim… por outro motivo. | T30: E não prova que foi para esconder alguma coisa, prova? Pode ter ido ao jardim por outro motivo… | U30: E não prova que foi para esconder alguma coisa. Pode ter ido ao jardim por outro motivo. Eu não condeno ninguém por isso. | V30: Que demora essa noite… E não prova que foi para esconder alguma coisa. Pode ter ido ao jardim por outro motivo. | W30: Ressalva: não prova que foi para esconder alguma coisa. A ida ao jardim pode ter outro motivo. | X30: =SUMPRODUCT(($G30:$P30<>"")*ISERROR(SEARCH($G30:$P30,R30)))+SUMPRODUCT(($G30:$P30<>"")*ISERROR(SEARCH($G30:$P30,S30)))+SUMPRODUCT(($G30:$P30<>"")*ISERROR(SEARCH($G30:$P30,T30)))+SUMPRODUCT(($G30:$P30<>"")*ISERROR(SEARCH($G30:$P30,U30)))+SUMPRODUCT(($G30:$P30<>"")*ISERROR(SEARCH($G30:$P30,V30)))+SUMPRODUCT(($G30:$P30<>"")*ISERROR(SEARCH($G30:$P30,W30)))
A31: c3-30 | B31: portão: o jogador-Herdeira demora a parar o pêndulo | C31: chat | D31: falaNoGrupo(['policial','jornalista','advogado','residente']) | E31: grupo (para o jogador) | F31: jogador é a Herdeira | G31: parar | H31: ou não | Q31: E então? Vai parar ou não? | R31: E então?! Vai parar ou não? | S31: E então… vai parar ou não? | T31: E então… vai parar ou não? Desculpa a pressa. | U31: E então? Vai parar ou não? | V31: Que frio, não? E então… vai parar ou não? | W31: Aguardando: vai parar ou não? | X31: =SUMPRODUCT(($G31:$P31<>"")*ISERROR(SEARCH($G31:$P31,R31)))+SUMPRODUCT(($G31:$P31<>"")*ISERROR(SEARCH($G31:$P31,S31)))+SUMPRODUCT(($G31:$P31<>"")*ISERROR(SEARCH($G31:$P31,T31)))+SUMPRODUCT(($G31:$P31<>"")*ISERROR(SEARCH($G31:$P31,U31)))+SUMPRODUCT(($G31:$P31<>"")*ISERROR(SEARCH($G31:$P31,V31)))+SUMPRODUCT(($G31:$P31<>"")*ISERROR(SEARCH($G31:$P31,W31)))
A32: c3-31 | B32: portão: o jogador que religa demora | C32: chat | D32: falaNoGrupo(['herdeira','policial','jornalista','advogado']) | E32: grupo (para o jogador) | F32: jogador é M.religa | G32: relógio | H32: ficar parado | Q32: E o relógio? Vai ficar parado? | R32: E o relógio? Vai ficar parado, é isso?! | S32: E o relógio… vai ficar parado? | T32: E o relógio? Vai ficar parado mesmo? | U32: E o relógio? Vai ficar parado? | V32: Essa demora… E o relógio? Vai ficar parado? | W32: Pendência: o relógio. Vai ficar parado? | X32: =SUMPRODUCT(($G32:$P32<>"")*ISERROR(SEARCH($G32:$P32,R32)))+SUMPRODUCT(($G32:$P32<>"")*ISERROR(SEARCH($G32:$P32,S32)))+SUMPRODUCT(($G32:$P32<>"")*ISERROR(SEARCH($G32:$P32,T32)))+SUMPRODUCT(($G32:$P32<>"")*ISERROR(SEARCH($G32:$P32,U32)))+SUMPRODUCT(($G32:$P32<>"")*ISERROR(SEARCH($G32:$P32,V32)))+SUMPRODUCT(($G32:$P32<>"")*ISERROR(SEARCH($G32:$P32,W32)))

Sheet Cap 4
A1: ID | B1: Cena | C1: Momento | D1: Quem fala | E1: Com quem | F1: Condição | G1: Item 1 | H1: Item 2 | I1: Item 3 | J1: Item 4 | K1: Item 5 | L1: Item 6 | M1: Item 7 | N1: Item 8 | O1: Item 9 | P1: Item 10 | Q1: Fala original | R1: Explosivo | S1: Calmo opaco | T1: Ingênuo | U1: Leal cego | V1: Evasivo | W1: Burocrata | X1: Faltam | Y1: Nota
A2: c4-01 | B2: no jardim, chamando a atenção para o chão | C2: roteiro | D2: voz(lider): jardineiro se presente, senão residente | E2: grupo | G2: olhem | H2: chão | Q2: Olhem o chão | R2: Olhem o chão! | S2: Olhem… o chão. | T2: Olhem o chão… | U2: Olhem o chão. | V2: Hum… olhem o chão | W2: Olhem o chão. | X2: =SUMPRODUCT(($G2:$P2<>"")*ISERROR(SEARCH($G2:$P2,R2)))+SUMPRODUCT(($G2:$P2<>"")*ISERROR(SEARCH($G2:$P2,S2)))+SUMPRODUCT(($G2:$P2<>"")*ISERROR(SEARCH($G2:$P2,T2)))+SUMPRODUCT(($G2:$P2<>"")*ISERROR(SEARCH($G2:$P2,U2)))+SUMPRODUCT(($G2:$P2<>"")*ISERROR(SEARCH($G2:$P2,V2)))+SUMPRODUCT(($G2:$P2<>"")*ISERROR(SEARCH($G2:$P2,W2))) | Y2: enquadre: '<fala>, disse {lider}.' Continua na c4-02.
A3: c4-02 | B3: no jardim, chamando a atenção para o chão | C3: roteiro | D3: voz(lider): jardineiro se presente, senão residente | E3: grupo | G3: flores | H3: chão | Q3: Não para as flores. Para o chão. | R3: Não para as flores! Para o chão. | S3: Não as flores… O chão. | T3: Não para as flores… para o chão. Estão vendo? | U3: Não para as flores. Para o chão. | V3: Não para as flores, por bonitas que sejam… Para o chão. | W3: Não as flores. O chão. | X3: =SUMPRODUCT(($G3:$P3<>"")*ISERROR(SEARCH($G3:$P3,R3)))+SUMPRODUCT(($G3:$P3<>"")*ISERROR(SEARCH($G3:$P3,S3)))+SUMPRODUCT(($G3:$P3<>"")*ISERROR(SEARCH($G3:$P3,T3)))+SUMPRODUCT(($G3:$P3<>"")*ISERROR(SEARCH($G3:$P3,U3)))+SUMPRODUCT(($G3:$P3<>"")*ISERROR(SEARCH($G3:$P3,V3)))+SUMPRODUCT(($G3:$P3<>"")*ISERROR(SEARCH($G3:$P3,W3))) | Y3: segunda fala citada logo após 'disse {lider}.' (mesma cena da c4-01)
A4: c4-03 | B4: as duas trilhas no jardim | C4: roteiro | D4: voz(lider): jardineiro se presente, senão residente | E4: grupo | G4: seca | H4: meses | I4: todo dia | J4: desta noite | Q4: A seca é de meses. Alguém anda aqui todo dia. A outra é desta noite. | R4: A seca é de meses! Alguém anda aqui todo dia. A outra é desta noite. | S4: A seca… meses. Alguém anda aqui… todo dia. A outra… desta noite. | T4: A seca é de meses… alguém anda aqui todo dia, então? E a outra é desta noite. | U4: A seca é de meses. Alguém anda aqui todo dia. A outra é desta noite. | V4: Molhado do jeito que está… A seca é de meses; alguém anda aqui todo dia. A outra, desta noite. | W4: Trilha seca: de meses; alguém anda aqui todo dia. A outra: desta noite. | X4: =SUMPRODUCT(($G4:$P4<>"")*ISERROR(SEARCH($G4:$P4,R4)))+SUMPRODUCT(($G4:$P4<>"")*ISERROR(SEARCH($G4:$P4,S4)))+SUMPRODUCT(($G4:$P4<>"")*ISERROR(SEARCH($G4:$P4,T4)))+SUMPRODUCT(($G4:$P4<>"")*ISERROR(SEARCH($G4:$P4,U4)))+SUMPRODUCT(($G4:$P4<>"")*ISERROR(SEARCH($G4:$P4,V4)))+SUMPRODUCT(($G4:$P4<>"")*ISERROR(SEARCH($G4:$P4,W4))) | Y4: seguida da narração: {Lider} iluminou o bico das pegadas e não disse para que lado iam (a fala não pode dizer a direção)
A5: c4-04 | B5: o Residente começa a falar da passagem, e fala mal | C5: roteiro | D5: residente | E5: grupo | F5: todas as partidas, menos a 11 (na 11 a cena da passagem é outra) | G5: tinha | H5: corredorzinho | Q5: tinha um corredorzinho | R5: tinha um corredorzinho | S5: tinha… um corredorzinho | T5: tinha um corredorzinho | U5: tinha um corredorzinho | V5: tinha um corredorzinho | W5: tinha um corredorzinho | X5: =SUMPRODUCT(($G5:$P5<>"")*ISERROR(SEARCH($G5:$P5,R5)))+SUMPRODUCT(($G5:$P5<>"")*ISERROR(SEARCH($G5:$P5,S5)))+SUMPRODUCT(($G5:$P5<>"")*ISERROR(SEARCH($G5:$P5,T5)))+SUMPRODUCT(($G5:$P5<>"")*ISERROR(SEARCH($G5:$P5,U5)))+SUMPRODUCT(($G5:$P5<>"")*ISERROR(SEARCH($G5:$P5,V5)))+SUMPRODUCT(($G5:$P5<>"")*ISERROR(SEARCH($G5:$P5,W5))) | Y5: fragmento em discurso indireto: 'Começou dizendo que a ala de serviço <fala>, se corrigiu para...'; a versão precisa encaixar na frase (minúscula, sem ponto final)
A6: c4-05 | B6: o Residente começa a falar da passagem, e fala mal | C6: roteiro | D6: residente | E6: grupo | F6: todas as partidas, menos a 11 (na 11 a cena da passagem é outra) | G6: parede | H6: oca | Q6: a parede ali atrás é oca | R6: a parede ali atrás é oca, pronto | S6: a parede… ali atrás… é oca | T6: a parede ali atrás é oca, desculpem | U6: a parede ali atrás é oca | V6: a parede ali atrás… bom… é oca | W6: parede ali atrás: oca | X6: =SUMPRODUCT(($G6:$P6<>"")*ISERROR(SEARCH($G6:$P6,R6)))+SUMPRODUCT(($G6:$P6<>"")*ISERROR(SEARCH($G6:$P6,S6)))+SUMPRODUCT(($G6:$P6<>"")*ISERROR(SEARCH($G6:$P6,T6)))+SUMPRODUCT(($G6:$P6<>"")*ISERROR(SEARCH($G6:$P6,U6)))+SUMPRODUCT(($G6:$P6<>"")*ISERROR(SEARCH($G6:$P6,V6)))+SUMPRODUCT(($G6:$P6<>"")*ISERROR(SEARCH($G6:$P6,W6))) | Y6: fragmento em discurso indireto: '...se corrigiu para <fala>, e terminou admitindo...'; encaixa na frase (minúscula, sem ponto final)
A7: c4-06 | B7: o Residente confessa a passagem | C7: roteiro | D7: residente | E7: grupo | F7: todas as partidas, menos a 11 (na 11 a cena da passagem é outra) | G7: passagem | H7: despensa | I7: sala do relógio | J7: portinhola | K7: lacrei | Q7: Tem uma passagem. Da despensa até a sala do relógio, por trás do quarto de serviço. Sai numa portinhola atrás do painel ao lado do relógio. Na reforma, era para eu fechar. Ele pediu para deixar. Eu deixei. E não lacrei. | R7: Tem uma passagem. Pronto, falei. Da despensa até a sala do relógio, por trás do quarto de serviço. Sai numa portinhola atrás do painel ao lado do relógio. Na reforma era para eu fechar. Ele pediu para deixar. Eu deixei. E não lacrei. | S7: Tem uma passagem. Da despensa… até a sala do relógio. Por trás do quarto de serviço. Uma portinhola… atrás do painel, ao lado do relógio. Na reforma… era para eu fechar. Ele pediu para deixar. Eu deixei. Não lacrei. | T7: Tem uma passagem, desculpem… Da despensa até a sala do relógio, por trás do quarto de serviço. Sai numa portinhola atrás do painel, ao lado do relógio. Na reforma era para eu fechar, mas ele pediu para deixar. Eu deixei. E não lacrei… fiz mal, não fiz? | U7: Tem uma passagem. Da despensa até a sala do relógio, por trás do quarto de serviço; sai numa portinhola atrás do painel, ao lado do relógio. Na reforma era para eu fechar. Ele pediu para deixar, e o que ele pedia eu fazia. Eu deixei. Não lacrei. | V7: Faz tanto tempo, aquela reforma… Tem uma passagem. Da despensa até a sala do relógio, por trás do quarto de serviço. Sai numa portinhola atrás do painel, ao lado do relógio. Na reforma era para eu fechar. Ele pediu para deixar. Deixei. E não lacrei. | W7: Consta uma passagem: da despensa até a sala do relógio, por trás do quarto de serviço. Saída: portinhola atrás do painel, ao lado do relógio. Na reforma, era para eu fechar. Ele pediu para deixar. Eu deixei. Não lacrei. | X7: =SUMPRODUCT(($G7:$P7<>"")*ISERROR(SEARCH($G7:$P7,R7)))+SUMPRODUCT(($G7:$P7<>"")*ISERROR(SEARCH($G7:$P7,S7)))+SUMPRODUCT(($G7:$P7<>"")*ISERROR(SEARCH($G7:$P7,T7)))+SUMPRODUCT(($G7:$P7<>"")*ISERROR(SEARCH($G7:$P7,U7)))+SUMPRODUCT(($G7:$P7<>"")*ISERROR(SEARCH($G7:$P7,V7)))+SUMPRODUCT(($G7:$P7<>"")*ISERROR(SEARCH($G7:$P7,W7))) | Y7: enquadre: 'terminou admitindo, com a voz baixa de quem confessa dívida: <fala>'
A8: c4-07 | B8: o Policial pergunta pelo motivo da passagem | C8: roteiro | D8: policial | E8: residente | F8: todas as partidas, menos a 11 (na 11 a cena da passagem é outra) | G8: por que | H8: pediria | Q8: E por que ele pediria isso? | R8: E por que ele pediria isso, hein? Não me enrole! | S8: E por que… ele pediria isso? | T8: Mas por que ele pediria isso? Não entendi. | U8: Pergunto com cuidado: por que ele pediria isso? | V8: Tanta parede nesta casa… e por que ele pediria isso? | W8: Pergunta para a ata: por que ele pediria isso? | X8: =SUMPRODUCT(($G8:$P8<>"")*ISERROR(SEARCH($G8:$P8,R8)))+SUMPRODUCT(($G8:$P8<>"")*ISERROR(SEARCH($G8:$P8,S8)))+SUMPRODUCT(($G8:$P8<>"")*ISERROR(SEARCH($G8:$P8,T8)))+SUMPRODUCT(($G8:$P8<>"")*ISERROR(SEARCH($G8:$P8,U8)))+SUMPRODUCT(($G8:$P8<>"")*ISERROR(SEARCH($G8:$P8,V8)))+SUMPRODUCT(($G8:$P8<>"")*ISERROR(SEARCH($G8:$P8,W8))) | Y8: enquadre: '<fala>, perguntou {o Policial}.'
A9: c4-08 | B9: o Residente responde ao Policial | C9: roteiro | D9: residente | E9: policial | F9: todas as partidas, menos a 11 (na 11 a cena da passagem é outra) | G9: perguntei | H9: pagava | Q9: Não perguntei. Ele pagava. | R9: Não perguntei! Ele pagava, e pronto. | S9: Não perguntei… Ele pagava. | T9: Eu não perguntei, desculpe… ele pagava. | U9: Não perguntei; a ele não se perguntava. Ele pagava. | V9: Obra é obra, demora, cansa… Não perguntei. Ele pagava. | W9: Não perguntei. Ele pagava. Só isso. | X9: =SUMPRODUCT(($G9:$P9<>"")*ISERROR(SEARCH($G9:$P9,R9)))+SUMPRODUCT(($G9:$P9<>"")*ISERROR(SEARCH($G9:$P9,S9)))+SUMPRODUCT(($G9:$P9<>"")*ISERROR(SEARCH($G9:$P9,T9)))+SUMPRODUCT(($G9:$P9<>"")*ISERROR(SEARCH($G9:$P9,U9)))+SUMPRODUCT(($G9:$P9<>"")*ISERROR(SEARCH($G9:$P9,V9)))+SUMPRODUCT(($G9:$P9<>"")*ISERROR(SEARCH($G9:$P9,W9))) | Y9: logo após a pergunta da c4-07, sem enquadre
A10: c4-09 | B10: a Herdeira olha para a janela do jasmim | C10: roteiro | D10: herdeira | E10: grupo | G10: ninguém usava | H10: quarto | I10: despejo | Q10: Ninguém usava aquele quarto. Era de despejo. | R10: Ninguém usava aquele quarto! Era de despejo. | S10: Ninguém usava… aquele quarto. Despejo. | T10: Ninguém usava aquele quarto… era de despejo, não era? | U10: Ninguém usava aquele quarto. Era de despejo. | V10: Essa umidade nos fundos… Ninguém usava aquele quarto. Era de despejo. | W10: Aquele quarto: ninguém usava. Destinação: despejo. | X10: =SUMPRODUCT(($G10:$P10<>"")*ISERROR(SEARCH($G10:$P10,R10)))+SUMPRODUCT(($G10:$P10<>"")*ISERROR(SEARCH($G10:$P10,S10)))+SUMPRODUCT(($G10:$P10<>"")*ISERROR(SEARCH($G10:$P10,T10)))+SUMPRODUCT(($G10:$P10<>"")*ISERROR(SEARCH($G10:$P10,U10)))+SUMPRODUCT(($G10:$P10<>"")*ISERROR(SEARCH($G10:$P10,V10)))+SUMPRODUCT(($G10:$P10<>"")*ISERROR(SEARCH($G10:$P10,W10))) | Y10: enquadre: '{A Herdeira} olhava para a janela do jasmim. <fala>'
A11: c4-10 | B11: a Observadora dá o nome antigo do quarto | C11: roteiro | D11: observadora | E11: grupo | G11: era | H11: quarto do jasmim | Q11: Era o quarto do jasmim | R11: Era o quarto do jasmim! | S11: Era… o quarto do jasmim. | T11: Era o quarto do jasmim… | U11: Era o quarto do jasmim. | V11: Bem… era o quarto do jasmim | W11: Era o quarto do jasmim. | X11: =SUMPRODUCT(($G11:$P11<>"")*ISERROR(SEARCH($G11:$P11,R11)))+SUMPRODUCT(($G11:$P11<>"")*ISERROR(SEARCH($G11:$P11,S11)))+SUMPRODUCT(($G11:$P11<>"")*ISERROR(SEARCH($G11:$P11,T11)))+SUMPRODUCT(($G11:$P11<>"")*ISERROR(SEARCH($G11:$P11,U11)))+SUMPRODUCT(($G11:$P11<>"")*ISERROR(SEARCH($G11:$P11,V11)))+SUMPRODUCT(($G11:$P11<>"")*ISERROR(SEARCH($G11:$P11,W11))) | Y11: enquadre: '<fala>, disse {a Observadora}, e todos se viraram para ela.'
A12: c4-11 | B12: a Observadora explica por que conhece o quarto | C12: roteiro | D12: observadora | E12: grupo | G12: mãe | H12: {g:obs:menina|menino} | I12: cresci | J12: chamava assim | Q12: Minha mãe trabalhou nesta casa quando eu era {g:obs:menina|menino}. Eu cresci naquele quarto. Quem cresceu aqui chamava assim. | R12: Minha mãe trabalhou nesta casa quando eu era {g:obs:menina|menino}. Eu cresci naquele quarto. Quem cresceu aqui chamava assim, algum problema?! | S12: Minha mãe… trabalhou nesta casa. Eu era {g:obs:menina|menino}. Cresci naquele quarto. Quem cresceu aqui… chamava assim. | T12: Minha mãe trabalhou nesta casa quando eu era {g:obs:menina|menino}, sabe? Eu cresci naquele quarto. Quem cresceu aqui chamava assim… é estranho? | U12: Minha mãe trabalhou nesta casa quando eu era {g:obs:menina|menino}, e eu cresci naquele quarto. Quem cresceu aqui chamava assim. Tenho orgulho disso. | V12: Faz tempo, isso… Minha mãe trabalhou nesta casa quando eu era {g:obs:menina|menino}. Cresci naquele quarto. Quem cresceu aqui chamava assim. | W12: Fatos: minha mãe trabalhou nesta casa quando eu era {g:obs:menina|menino}. Eu cresci naquele quarto. Quem cresceu aqui chamava assim. | X12: =SUMPRODUCT(($G12:$P12<>"")*ISERROR(SEARCH($G12:$P12,R12)))+SUMPRODUCT(($G12:$P12<>"")*ISERROR(SEARCH($G12:$P12,S12)))+SUMPRODUCT(($G12:$P12<>"")*ISERROR(SEARCH($G12:$P12,T12)))+SUMPRODUCT(($G12:$P12<>"")*ISERROR(SEARCH($G12:$P12,U12)))+SUMPRODUCT(($G12:$P12<>"")*ISERROR(SEARCH($G12:$P12,V12)))+SUMPRODUCT(($G12:$P12<>"")*ISERROR(SEARCH($G12:$P12,W12))) | Y12: enquadre: 'Ela manteve o queixo erguido. <fala>'
A13: c4-12 | B13: os celulares vibram antes da reabertura das nove e meia | C13: voz | D13: acompanhante | E13: grupo | G13: alguém | H13: lugar | Q13: Alguém escolheu o lugar errado de propósito. | R13: Alguém escolheu o lugar errado. De propósito! | S13: Alguém… o lugar errado. De propósito. | T13: Alguém escolheu o lugar errado… de propósito. Vocês perceberam? | U13: Alguém escolheu o lugar errado. E sabia o que fazia. | V13: Alguém escolheu o lugar errado de propósito. | W13: Consta: lugar errado, escolhido de propósito por alguém. | X13: =SUMPRODUCT(($G13:$P13<>"")*ISERROR(SEARCH($G13:$P13,R13)))+SUMPRODUCT(($G13:$P13<>"")*ISERROR(SEARCH($G13:$P13,S13)))+SUMPRODUCT(($G13:$P13<>"")*ISERROR(SEARCH($G13:$P13,T13)))+SUMPRODUCT(($G13:$P13<>"")*ISERROR(SEARCH($G13:$P13,U13)))+SUMPRODUCT(($G13:$P13<>"")*ISERROR(SEARCH($G13:$P13,V13)))+SUMPRODUCT(($G13:$P13<>"")*ISERROR(SEARCH($G13:$P13,W13))) | Y13: função: logo depois da distribuição dos postos, avisar que a escolha dos lugares importa e que alguém não está onde devia (aponta para a pergunta principal: quem escolheu o próprio posto). Base = ardilosa (evasivo idêntico). Antigos: guardia 'Não deixem a sala sozinha.'; explosiva 'Cada um no seu lugar. Como nunca estiveram.'; quieta 'Nove e meia.'
A14: c4-13 | B14: reação à passagem, no chat | C14: chat | D14: voz(['jornalista','policial','advogado'],'residente') | E14: grupo | G14: passagem | H14: sala do relógio | I14: ninguém sabia | Q14: Uma passagem até a sala do relógio, e ninguém sabia? | R14: Uma passagem até a sala do relógio, e ninguém sabia? Bonito, hein! | S14: Uma passagem… até a sala do relógio. E ninguém sabia? | T14: Uma passagem até a sala do relógio… e ninguém sabia mesmo? Sério? | U14: Uma passagem até a sala do relógio, e ninguém sabia? | V14: Casa velha, umidade nas paredes… Uma passagem até a sala do relógio, e ninguém sabia? | W14: Consta: passagem até a sala do relógio. E ninguém sabia? | X14: =SUMPRODUCT(($G14:$P14<>"")*ISERROR(SEARCH($G14:$P14,R14)))+SUMPRODUCT(($G14:$P14<>"")*ISERROR(SEARCH($G14:$P14,S14)))+SUMPRODUCT(($G14:$P14<>"")*ISERROR(SEARCH($G14:$P14,T14)))+SUMPRODUCT(($G14:$P14<>"")*ISERROR(SEARCH($G14:$P14,U14)))+SUMPRODUCT(($G14:$P14<>"")*ISERROR(SEARCH($G14:$P14,V14)))+SUMPRODUCT(($G14:$P14<>"")*ISERROR(SEARCH($G14:$P14,W14)))
A15: c4-14 | B15: desconfiança sobre a Observadora, no chat | C15: chat | D15: voz(['herdeira','tabeliao','investigador'],'observadora') | E15: grupo | G15: cresceu | H15: nesta casa | I15: mais do que diz | Q15: Quem cresceu nesta casa conhece mais do que diz. | R15: Quem cresceu nesta casa conhece mais do que diz, ora! | S15: Quem cresceu nesta casa… conhece mais do que diz. | T15: Quem cresceu nesta casa conhece mais do que diz… não conhece? | U15: Quem cresceu nesta casa conhece mais do que diz. Isso não é culpa de ninguém. | V15: O tempo leva tanta coisa… mas quem cresceu nesta casa conhece mais do que diz. | W15: Anote: quem cresceu nesta casa conhece mais do que diz. | X15: =SUMPRODUCT(($G15:$P15<>"")*ISERROR(SEARCH($G15:$P15,R15)))+SUMPRODUCT(($G15:$P15<>"")*ISERROR(SEARCH($G15:$P15,S15)))+SUMPRODUCT(($G15:$P15<>"")*ISERROR(SEARCH($G15:$P15,T15)))+SUMPRODUCT(($G15:$P15<>"")*ISERROR(SEARCH($G15:$P15,U15)))+SUMPRODUCT(($G15:$P15<>"")*ISERROR(SEARCH($G15:$P15,V15)))+SUMPRODUCT(($G15:$P15<>"")*ISERROR(SEARCH($G15:$P15,W15))) | Y15: falante pode ser homem ou mulher: sem adjetivo de gênero
A16: c4-15 | B16: pergunta sobre as pegadas, no privado | C16: privado | D16: voz(['governanta','jornalista','herdeira','residente'],lider) | E16: jogador no privado | G16: viu | H16: lado | I16: pegadas | Q16: Você viu para que lado vão as pegadas? | R16: E aí, você viu para que lado vão as pegadas? Rápido! | S16: As pegadas… Você viu para que lado vão? | T16: Desculpe perguntar… você viu para que lado vão as pegadas? | U16: Você viu para que lado vão as pegadas? | V16: Que chuva, não? Encharcou tudo… Você viu para que lado vão as pegadas? | W16: Pergunta objetiva: você viu para que lado vão as pegadas? | X16: =SUMPRODUCT(($G16:$P16<>"")*ISERROR(SEARCH($G16:$P16,R16)))+SUMPRODUCT(($G16:$P16<>"")*ISERROR(SEARCH($G16:$P16,S16)))+SUMPRODUCT(($G16:$P16<>"")*ISERROR(SEARCH($G16:$P16,T16)))+SUMPRODUCT(($G16:$P16<>"")*ISERROR(SEARCH($G16:$P16,U16)))+SUMPRODUCT(($G16:$P16<>"")*ISERROR(SEARCH($G16:$P16,V16)))+SUMPRODUCT(($G16:$P16<>"")*ISERROR(SEARCH($G16:$P16,W16))) | Y16: falante pode ser homem ou mulher: sem adjetivo de gênero
A17: c4-16 | B17: resposta a 'Para que lado vão as pegadas?' | C17: resposta | D17: fala(['policial','investigador','advogado']) | E17: jogador no grupo | G17: bico | H17: pegadas | I17: não mente | Q17: Olhe o bico das pegadas. Ele não mente. | R17: Olhe o bico das pegadas! Ele não mente. | S17: O bico… das pegadas. Ele não mente. | T17: Olhe o bico das pegadas… ele não mente, não é assim que dizem? | U17: Olhe o bico das pegadas. Ele não mente. | V17: Chão molhado confunde… mas olhe o bico das pegadas. Ele não mente. | W17: Procedimento: olhe o bico das pegadas. Ele não mente. | X17: =SUMPRODUCT(($G17:$P17<>"")*ISERROR(SEARCH($G17:$P17,R17)))+SUMPRODUCT(($G17:$P17<>"")*ISERROR(SEARCH($G17:$P17,S17)))+SUMPRODUCT(($G17:$P17<>"")*ISERROR(SEARCH($G17:$P17,T17)))+SUMPRODUCT(($G17:$P17<>"")*ISERROR(SEARCH($G17:$P17,U17)))+SUMPRODUCT(($G17:$P17<>"")*ISERROR(SEARCH($G17:$P17,V17)))+SUMPRODUCT(($G17:$P17<>"")*ISERROR(SEARCH($G17:$P17,W17))) | Y17: não dizer a direção
A18: c4-17 | B18: resposta a 'Quem mais sabia da passagem?' | C18: resposta | D18: residente | E18: jogador no grupo | G18: ele | H18: quem mais andasse | Q18: Ele. E quem mais andasse por ela. | R18: Ele! E quem mais andasse por ela. | S18: Ele… E quem mais andasse por ela. | T18: Ele… e quem mais andasse por ela, não é? | U18: Ele, o dono da casa. E quem mais andasse por ela. | V18: Passagem velha, úmida… Ele. E quem mais andasse por ela. | W18: Ciente da passagem: ele. E quem mais andasse por ela. | X18: =SUMPRODUCT(($G18:$P18<>"")*ISERROR(SEARCH($G18:$P18,R18)))+SUMPRODUCT(($G18:$P18<>"")*ISERROR(SEARCH($G18:$P18,S18)))+SUMPRODUCT(($G18:$P18<>"")*ISERROR(SEARCH($G18:$P18,T18)))+SUMPRODUCT(($G18:$P18<>"")*ISERROR(SEARCH($G18:$P18,U18)))+SUMPRODUCT(($G18:$P18<>"")*ISERROR(SEARCH($G18:$P18,V18)))+SUMPRODUCT(($G18:$P18<>"")*ISERROR(SEARCH($G18:$P18,W18)))
A19: c4-18 | B19: resposta a 'Por que escolheu esse posto?' | C19: resposta | D19: fala([ch]) (quem escolheu o próprio posto; muda por partida) | E19: jogador no grupo | F19: só quando quem escolheu não é o jogador | G19: sirvo | H19: alguma coisa | Q19: Porque é onde eu sirvo para alguma coisa. | R19: Porque é onde eu sirvo para alguma coisa! Basta? | S19: Porque ali… eu sirvo para alguma coisa. | T19: Porque é onde eu sirvo para alguma coisa… faz sentido, não faz? | U19: Porque é onde eu sirvo para alguma coisa. | V19: Ah, tanta demora, tanta espera… Porque é onde eu sirvo para alguma coisa. | W19: Justificativa: é onde eu sirvo para alguma coisa. | X19: =SUMPRODUCT(($G19:$P19<>"")*ISERROR(SEARCH($G19:$P19,R19)))+SUMPRODUCT(($G19:$P19<>"")*ISERROR(SEARCH($G19:$P19,S19)))+SUMPRODUCT(($G19:$P19<>"")*ISERROR(SEARCH($G19:$P19,T19)))+SUMPRODUCT(($G19:$P19<>"")*ISERROR(SEARCH($G19:$P19,U19)))+SUMPRODUCT(($G19:$P19<>"")*ISERROR(SEARCH($G19:$P19,V19)))+SUMPRODUCT(($G19:$P19<>"")*ISERROR(SEARCH($G19:$P19,W19))) | Y19: texto fixo, falante muda por partida: sem adjetivo de gênero sobre si
A20: c4-19 | B20: resposta a 'Vamos ficar onde nos mandaram.' | C20: resposta | D20: fala(['policial','tabeliao']) | E20: jogador no grupo | G20: é o | H20: combinado | Q20: É o combinado. | R20: É o combinado! | S20: … É o combinado. | T20: É o combinado… | U20: É o combinado. | V20: Ah… é o combinado. | W20: É o combinado. | X20: =SUMPRODUCT(($G20:$P20<>"")*ISERROR(SEARCH($G20:$P20,R20)))+SUMPRODUCT(($G20:$P20<>"")*ISERROR(SEARCH($G20:$P20,S20)))+SUMPRODUCT(($G20:$P20<>"")*ISERROR(SEARCH($G20:$P20,T20)))+SUMPRODUCT(($G20:$P20<>"")*ISERROR(SEARCH($G20:$P20,U20)))+SUMPRODUCT(($G20:$P20<>"")*ISERROR(SEARCH($G20:$P20,V20)))+SUMPRODUCT(($G20:$P20<>"")*ISERROR(SEARCH($G20:$P20,W20)))
A21: c4-20 | B21: resposta privada a 'Você acha que essa trilha é de hoje?' | C21: resposta | D21: quem estiver no privado com o jogador | E21: jogador no privado | G21: água parada | H21: dentro | Q21: É. Tem água parada dentro. | R21: É! Tem água parada dentro. | S21: É… Água parada dentro. | T21: É, sim… tem água parada dentro. Você viu também? | U21: É. Tem água parada dentro. | V21: Chove tanto… mas é. Tem água parada dentro. | W21: Afirmativo. Água parada dentro. | X21: =SUMPRODUCT(($G21:$P21<>"")*ISERROR(SEARCH($G21:$P21,R21)))+SUMPRODUCT(($G21:$P21<>"")*ISERROR(SEARCH($G21:$P21,S21)))+SUMPRODUCT(($G21:$P21<>"")*ISERROR(SEARCH($G21:$P21,T21)))+SUMPRODUCT(($G21:$P21<>"")*ISERROR(SEARCH($G21:$P21,U21)))+SUMPRODUCT(($G21:$P21<>"")*ISERROR(SEARCH($G21:$P21,V21)))+SUMPRODUCT(($G21:$P21<>"")*ISERROR(SEARCH($G21:$P21,W21))) | Y21: falante varia: sem adjetivo de gênero
A22: c4-21 | B22: resposta privada a 'Não confio em ninguém aqui.' | C22: resposta | D22: quem estiver no privado com o jogador | E22: jogador no privado | G22: nem eu | Q22: Nem eu. | R22: Nem eu! | S22: … Nem eu. | T22: Nem eu… | U22: Nem eu. | V22: Nem eu. | W22: Nem eu. | X22: =SUMPRODUCT(($G22:$P22<>"")*ISERROR(SEARCH($G22:$P22,R22)))+SUMPRODUCT(($G22:$P22<>"")*ISERROR(SEARCH($G22:$P22,S22)))+SUMPRODUCT(($G22:$P22<>"")*ISERROR(SEARCH($G22:$P22,T22)))+SUMPRODUCT(($G22:$P22<>"")*ISERROR(SEARCH($G22:$P22,U22)))+SUMPRODUCT(($G22:$P22<>"")*ISERROR(SEARCH($G22:$P22,V22)))+SUMPRODUCT(($G22:$P22<>"")*ISERROR(SEARCH($G22:$P22,W22))) | Y22: fala de duas palavras: um item só. Falante varia: sem adjetivo de gênero
A23: c4-22 | B23: debate: quem conhece a casa por função | C23: resposta | D23: fala(['governanta','jardineiro','residente']) | E23: grupo (debate) | G23: trabalhei | H23: função | Q23: Eu conheço a casa porque trabalhei nela. Isso é função. | R23: Eu conheço a casa porque trabalhei nela! Isso é função. | S23: Conheço a casa… trabalhei nela. Isso é função. | T23: Eu conheço a casa porque trabalhei nela… isso é função, não é? | U23: Conheço a casa porque trabalhei nela, com lealdade. Isso é função. | V23: Tanta coisa muda com o tempo… Eu conheço a casa porque trabalhei nela. Isso é função. | W23: Conheço a casa porque trabalhei nela. Classificação: função. | X23: =SUMPRODUCT(($G23:$P23<>"")*ISERROR(SEARCH($G23:$P23,R23)))+SUMPRODUCT(($G23:$P23<>"")*ISERROR(SEARCH($G23:$P23,S23)))+SUMPRODUCT(($G23:$P23<>"")*ISERROR(SEARCH($G23:$P23,T23)))+SUMPRODUCT(($G23:$P23<>"")*ISERROR(SEARCH($G23:$P23,U23)))+SUMPRODUCT(($G23:$P23<>"")*ISERROR(SEARCH($G23:$P23,V23)))+SUMPRODUCT(($G23:$P23<>"")*ISERROR(SEARCH($G23:$P23,W23))) | Y23: falante pode ser homem ou mulher: sem adjetivo de gênero
A24: c4-23 | B24: debate: o nome antigo do quarto | C24: resposta | D24: fala(['investigador','policial','advogado']) | E24: grupo (debate) | G24: nome antigo | H24: outro jeito | Q24: Quem chama o quarto pelo nome antigo conhece de outro jeito. | R24: Quem chama o quarto pelo nome antigo conhece de outro jeito! Simples assim. | S24: Quem chama o quarto… pelo nome antigo… conhece de outro jeito. | T24: Quem chama o quarto pelo nome antigo conhece de outro jeito… não é? | U24: Quem chama o quarto pelo nome antigo conhece de outro jeito. | V24: Nome é coisa que o tempo apaga… mas quem chama o quarto pelo nome antigo conhece de outro jeito. | W24: Anote: quem chama o quarto pelo nome antigo conhece de outro jeito. | X24: =SUMPRODUCT(($G24:$P24<>"")*ISERROR(SEARCH($G24:$P24,R24)))+SUMPRODUCT(($G24:$P24<>"")*ISERROR(SEARCH($G24:$P24,S24)))+SUMPRODUCT(($G24:$P24<>"")*ISERROR(SEARCH($G24:$P24,T24)))+SUMPRODUCT(($G24:$P24<>"")*ISERROR(SEARCH($G24:$P24,U24)))+SUMPRODUCT(($G24:$P24<>"")*ISERROR(SEARCH($G24:$P24,V24)))+SUMPRODUCT(($G24:$P24<>"")*ISERROR(SEARCH($G24:$P24,W24)))
A25: c4-24 | B25: debate: quem precisava da passagem | C25: resposta | D25: fala(['jornalista','herdeira','tabeliao']) | E25: grupo (debate) | G25: não é crime | H25: precisava da passagem | I25: esta noite | Q25: Conhecer a casa não é crime. A pergunta é quem precisava da passagem esta noite. | R25: Conhecer a casa não é crime! A pergunta é quem precisava da passagem esta noite. | S25: Conhecer a casa… não é crime. Quem precisava da passagem… esta noite? | T25: Conhecer a casa não é crime, é? A pergunta é quem precisava da passagem esta noite… | U25: Conhecer a casa dele não é crime. A pergunta é quem precisava da passagem esta noite. | V25: A chuva, o frio, todo mundo tenso… Conhecer a casa não é crime. A pergunta é quem precisava da passagem esta noite. | W25: Conhecer a casa não é crime. Questão a registrar: quem precisava da passagem esta noite. | X25: =SUMPRODUCT(($G25:$P25<>"")*ISERROR(SEARCH($G25:$P25,R25)))+SUMPRODUCT(($G25:$P25<>"")*ISERROR(SEARCH($G25:$P25,S25)))+SUMPRODUCT(($G25:$P25<>"")*ISERROR(SEARCH($G25:$P25,T25)))+SUMPRODUCT(($G25:$P25<>"")*ISERROR(SEARCH($G25:$P25,U25)))+SUMPRODUCT(($G25:$P25<>"")*ISERROR(SEARCH($G25:$P25,V25)))+SUMPRODUCT(($G25:$P25<>"")*ISERROR(SEARCH($G25:$P25,W25))) | Y25: falante pode ser homem ou mulher: sem adjetivo de gênero
A26: c4-25 | B26: o rádio: o Faroleiro passava na casa antes do turno | C26: roteiro | D26: faroleiro | E26: a casa, pelo rádio | F26: Jardineiro ou Governanta na casa | G26: antes do turno | H26: quase todo dia | Q26: Eu passava aí antes do turno, quase todo dia. | R26: Eu passava aí antes do turno, quase todo dia! | S26: Eu passava aí… antes do turno. Quase todo dia. | T26: Eu passava aí antes do turno, quase todo dia… isso ajuda? | U26: Eu passava aí antes do turno, quase todo dia. Era o caminho. | V26: Com a estrada do jeito que está… eu passava aí antes do turno, quase todo dia. | W26: Rotina: antes do turno, quase todo dia, eu passava aí. | X26: =SUMPRODUCT(($G26:$P26<>"")*ISERROR(SEARCH($G26:$P26,R26)))+SUMPRODUCT(($G26:$P26<>"")*ISERROR(SEARCH($G26:$P26,S26)))+SUMPRODUCT(($G26:$P26<>"")*ISERROR(SEARCH($G26:$P26,T26)))+SUMPRODUCT(($G26:$P26<>"")*ISERROR(SEARCH($G26:$P26,U26)))+SUMPRODUCT(($G26:$P26<>"")*ISERROR(SEARCH($G26:$P26,V26)))+SUMPRODUCT(($G26:$P26<>"")*ISERROR(SEARCH($G26:$P26,W26))) | Y26: Novo em 02/10 (decisão do Mario). Segue com c4-26 e/ou c4-27, conforme quem está na casa.
A27: c4-26 | B27: o rádio: o gato | C27: roteiro | D27: faroleiro | E27: a casa, pelo rádio | F27: Jardineiro na casa | G27: Jardineiro | H27: comida no portão | I27: gato | Q27: Via {jar} deixar comida no portão. Para um gato. | R27: Via {jar} deixar comida no portão! Para um gato. | S27: {Jar}… comida no portão. Para um gato. | T27: Via {jar} deixar comida no portão… para um gato, sabe? | U27: Via {jar} deixar comida no portão. Para um gato. Nada de mal nisso. | V27: Chovia muito naquelas semanas… Via {jar} deixar comida no portão. Para um gato. | W27: Observado: {jar} deixando comida no portão. Destino: um gato. | X27: =SUMPRODUCT(($G27:$P27<>"")*ISERROR(SEARCH($G27:$P27,R27)))+SUMPRODUCT(($G27:$P27<>"")*ISERROR(SEARCH($G27:$P27,S27)))+SUMPRODUCT(($G27:$P27<>"")*ISERROR(SEARCH($G27:$P27,T27)))+SUMPRODUCT(($G27:$P27<>"")*ISERROR(SEARCH($G27:$P27,U27)))+SUMPRODUCT(($G27:$P27<>"")*ISERROR(SEARCH($G27:$P27,V27)))+SUMPRODUCT(($G27:$P27<>"")*ISERROR(SEARCH($G27:$P27,W27))) | Y27: O segredo continua do Jardineiro; o Faroleiro é só testemunha. O Faroleiro nunca mente.
A28: c4-27 | B28: o rádio: as terças | C28: roteiro | D28: faroleiro | E28: a casa, pelo rádio | F28: Governanta na casa | G28: terças de manhã | H28: janela da copa aberta | Q28: E às terças de manhã, a janela da copa aberta. | R28: E às terças de manhã, a janela da copa aberta! | S28: E às terças de manhã… a janela da copa aberta. | T28: E às terças de manhã, a janela da copa aberta… estranho, não? | U28: E às terças de manhã, a janela da copa aberta. Isso eu vi. | V28: Ah, e às terças de manhã, com aquela umidade… a janela da copa aberta. | W28: Às terças de manhã: janela da copa aberta. | X28: =SUMPRODUCT(($G28:$P28<>"")*ISERROR(SEARCH($G28:$P28,R28)))+SUMPRODUCT(($G28:$P28<>"")*ISERROR(SEARCH($G28:$P28,S28)))+SUMPRODUCT(($G28:$P28<>"")*ISERROR(SEARCH($G28:$P28,T28)))+SUMPRODUCT(($G28:$P28<>"")*ISERROR(SEARCH($G28:$P28,U28)))+SUMPRODUCT(($G28:$P28<>"")*ISERROR(SEARCH($G28:$P28,V28)))+SUMPRODUCT(($G28:$P28<>"")*ISERROR(SEARCH($G28:$P28,W28))) | Y28: Testemunho das terças da Governanta (o segredo é dela). Leal cego: 'alguém cuidava da casa' não nomeia ninguém.

Sheet Cap 5
A1: ID | B1: Cena | C1: Momento | D1: Quem fala | E1: Com quem | F1: Condição | G1: Item 1 | H1: Item 2 | I1: Item 3 | J1: Item 4 | K1: Item 5 | L1: Item 6 | M1: Item 7 | N1: Item 8 | O1: Item 9 | P1: Item 10 | Q1: Fala original | R1: Explosivo | S1: Calmo opaco | T1: Ingênuo | U1: Leal cego | V1: Evasivo | W1: Burocrata | X1: Faltam | Y1: Nota
A2: c5-01 | B2: antes do apagão, a ata registra a reabertura | C2: roteiro | D2: tabeliao (se presente) | policial | E2: ata / grupo | G2: reabertura | H2: nove e meia | I2: postos | Q2: Reabertura às nove e meia. Todos nos postos. | R2: Reabertura às nove e meia! Todos nos postos, sem demora. | S2: Reabertura… às nove e meia. Todos… nos postos. | T2: Reabertura às nove e meia. Todos nos postos… é isso, não é? | U2: Reabertura às nove e meia. Todos nos postos. | V2: A estrada lá fora deve estar um lago… Reabertura às nove e meia. Todos nos postos. | W2: Para a ata: reabertura às nove e meia. Todos nos postos. | X2: =SUMPRODUCT(($G2:$P2<>"")*ISERROR(SEARCH($G2:$P2,R2)))+SUMPRODUCT(($G2:$P2<>"")*ISERROR(SEARCH($G2:$P2,S2)))+SUMPRODUCT(($G2:$P2<>"")*ISERROR(SEARCH($G2:$P2,T2)))+SUMPRODUCT(($G2:$P2<>"")*ISERROR(SEARCH($G2:$P2,U2)))+SUMPRODUCT(($G2:$P2<>"")*ISERROR(SEARCH($G2:$P2,V2)))+SUMPRODUCT(($G2:$P2<>"")*ISERROR(SEARCH($G2:$P2,W2))) | Y2: Enquadre: "{X} conferiu a hora no próprio relógio e anotou na ata: …". Falante é o Tabelião se presente, senão o Policial (ambos masculinos).
A3: c5-02 | B3: o apagão: a guarda grita da porta | C3: roteiro | D3: guarda (alcancaC4(P).guarda, varia por partida) | E3: grupo | G3: ninguém | H3: mexe | Q3: Ninguém se mexe! | R3: Ninguém se mexe! | S3: Ninguém… se mexe. | T3: Ninguém se mexe… | U3: Ninguém se mexe! | V3: Hum… ninguém se mexe! | W3: Ninguém se mexe! | X3: =SUMPRODUCT(($G3:$P3<>"")*ISERROR(SEARCH($G3:$P3,R3)))+SUMPRODUCT(($G3:$P3<>"")*ISERROR(SEARCH($G3:$P3,S3)))+SUMPRODUCT(($G3:$P3<>"")*ISERROR(SEARCH($G3:$P3,T3)))+SUMPRODUCT(($G3:$P3<>"")*ISERROR(SEARCH($G3:$P3,U3)))+SUMPRODUCT(($G3:$P3<>"")*ISERROR(SEARCH($G3:$P3,V3)))+SUMPRODUCT(($G3:$P3<>"")*ISERROR(SEARCH($G3:$P3,W3))) | Y3: Enquadre: "…", gritou {guarda}, da porta. Falante varia: sem adjetivo de gênero.
A4: c5-03 | B4: o escuro: a mensagem da voz no segundo da personalidade | C4: voz | D4: acompanhante | E4: grupo | G4: vocês | H4: agora | I4: relógio | Q4: guardia: Fiquem onde estão. | explosiva: Agora vocês sabem como é o escuro desta casa. | ardilosa: Quem de vocês está olhando para o relógio agora? | quieta: . | R4: Agora! Quem de vocês tem os olhos no relógio? | S4: Vocês… o relógio. Agora. | T4: Alguém de vocês está olhando o relógio agora? Só queria saber… | U4: O relógio dele, agora, no escuro. Algum de vocês está olhando? | V4: Quem de vocês está olhando para o relógio agora? | W4: Para a ata, agora: qual de vocês está olhando para o relógio? | X4: =SUMPRODUCT(($G4:$P4<>"")*ISERROR(SEARCH($G4:$P4,R4)))+SUMPRODUCT(($G4:$P4<>"")*ISERROR(SEARCH($G4:$P4,S4)))+SUMPRODUCT(($G4:$P4<>"")*ISERROR(SEARCH($G4:$P4,T4)))+SUMPRODUCT(($G4:$P4<>"")*ISERROR(SEARCH($G4:$P4,U4)))+SUMPRODUCT(($G4:$P4<>"")*ISERROR(SEARCH($G4:$P4,V4)))+SUMPRODUCT(($G4:$P4<>"")*ISERROR(SEARCH($G4:$P4,W4))) | Y4: Função (passada 2): chamar a atenção para o relógio no escuro. Evasivo = texto exato da ardilosa; os outros cinco dizem a mesma função, sem ordens. Segundo de chegada (PERS_TEMPO) segue a personalidade antiga: definir para ingenuo/burocrata.
A5: c5-04 | B5: a luz volta: o Policial confere o pulso | C5: roteiro | D5: policial | E5: grupo | G5: nove e trinta e um | Q5: Nove e trinta e um. | R5: Nove e trinta e um! | S5: … Nove e trinta e um. | T5: Nove e trinta e um… | U5: Nove e trinta e um. | V5: Bem… nove e trinta e um. | W5: Nove e trinta e um. | X5: =SUMPRODUCT(($G5:$P5<>"")*ISERROR(SEARCH($G5:$P5,R5)))+SUMPRODUCT(($G5:$P5<>"")*ISERROR(SEARCH($G5:$P5,S5)))+SUMPRODUCT(($G5:$P5<>"")*ISERROR(SEARCH($G5:$P5,T5)))+SUMPRODUCT(($G5:$P5<>"")*ISERROR(SEARCH($G5:$P5,U5)))+SUMPRODUCT(($G5:$P5<>"")*ISERROR(SEARCH($G5:$P5,V5)))+SUMPRODUCT(($G5:$P5<>"")*ISERROR(SEARCH($G5:$P5,W5))) | Y5: Enquadre: "{Pol} olhou o próprio pulso. …". Item único: a fala só tem a hora.
A6: c5-05 | B6: o rádio do farol depois do apagão | C6: roteiro | D6: faroleiro | E6: grupo (rádio do vestíbulo) | G6: Casa da Costa | H6: costa inteira | I6: da vila ao cabo | J6: seis clarões | Q6: Casa da Costa, aqui é o farol. Apagou a costa inteira, da vila ao cabo. Voltou tudo junto agora. Contei seis clarões. | R6: Casa da Costa, aqui é o farol. Apagou a costa inteira, da vila ao cabo! Voltou tudo junto agora. Contei seis clarões. | S6: Casa da Costa… o farol. Apagou a costa inteira… da vila ao cabo. Voltou tudo junto, agora. Seis clarões… contei. | T6: Casa da Costa? Aqui é o farol, estão me ouvindo? Apagou a costa inteira, da vila ao cabo. Voltou tudo junto agora. Contei seis clarões. Alguém aí contou igual? | U6: Casa da Costa, aqui é o farol. Apagou a costa inteira, da vila ao cabo. Voltou tudo junto agora. Contei seis clarões. Disso eu tenho certeza. | V6: Casa da Costa, aqui é o farol. Que frio aqui em cima… Apagou a costa inteira, da vila ao cabo. Voltou tudo junto agora. Contei seis clarões. | W6: Casa da Costa, farol informando. Ocorrência: apagou a costa inteira, da vila ao cabo. Retorno: tudo junto, agora. Contagem: seis clarões. | X6: =SUMPRODUCT(($G6:$P6<>"")*ISERROR(SEARCH($G6:$P6,R6)))+SUMPRODUCT(($G6:$P6<>"")*ISERROR(SEARCH($G6:$P6,S6)))+SUMPRODUCT(($G6:$P6<>"")*ISERROR(SEARCH($G6:$P6,T6)))+SUMPRODUCT(($G6:$P6<>"")*ISERROR(SEARCH($G6:$P6,U6)))+SUMPRODUCT(($G6:$P6<>"")*ISERROR(SEARCH($G6:$P6,V6)))+SUMPRODUCT(($G6:$P6<>"")*ISERROR(SEARCH($G6:$P6,W6))) | Y6: Enquadre: "O rádio chiou no vestíbulo. …" Depois vem "E depois: <D.farol>", que é por partida (C5_R2.farol) e não entra aqui.
A7: c5-06 | B7: depois do apagão, alguém pergunta pelo raspado | C7: chat | D7: voz(['jornalista','herdeira','advogado'],D.calou) | E7: grupo | G7: barulho de madeira | H7: oitenta | Q7: Alguém ouviu aquele barulho de madeira, aos oitenta? | R7: Aquele barulho de madeira, aos oitenta! Alguém ouviu ou não? | S7: Aquele barulho de madeira… aos oitenta. Alguém ouviu? | T7: Alguém mais ouviu aquele barulho de madeira, aos oitenta? Ou foi impressão minha? | U7: Alguém ouviu aquele barulho de madeira, aos oitenta? | V7: Essa umidade entra nos ossos… Alguém ouviu aquele barulho de madeira, aos oitenta? | W7: Anoto a pergunta: alguém ouviu aquele barulho de madeira, aos oitenta? | X7: =SUMPRODUCT(($G7:$P7<>"")*ISERROR(SEARCH($G7:$P7,R7)))+SUMPRODUCT(($G7:$P7<>"")*ISERROR(SEARCH($G7:$P7,S7)))+SUMPRODUCT(($G7:$P7<>"")*ISERROR(SEARCH($G7:$P7,T7)))+SUMPRODUCT(($G7:$P7<>"")*ISERROR(SEARCH($G7:$P7,U7)))+SUMPRODUCT(($G7:$P7<>"")*ISERROR(SEARCH($G7:$P7,V7)))+SUMPRODUCT(($G7:$P7<>"")*ISERROR(SEARCH($G7:$P7,W7))) | Y7: Falante varia (nunca quem calou): sem adjetivo de gênero.
A8: c5-07 | B8: depois do apagão, alguém organiza o grupo | C8: chat | D8: voz(['policial','tabeliao','residente']) | E8: grupo | G8: ninguém sai do lugar | H8: onde estava | Q8: Ninguém sai do lugar. Cada um diz onde estava. | R8: Ninguém sai do lugar! Cada um diz onde estava. | S8: Ninguém sai do lugar. Cada um… diz onde estava. | T8: Ninguém sai do lugar, tá? E cada um diz onde estava… pode ser? | U8: Ninguém sai do lugar. Cada um diz onde estava. | V8: Já é tarde, todo mundo cansado… Ninguém sai do lugar. E cada um diz onde estava. | W8: Procedimento: ninguém sai do lugar. Em seguida, cada um declara onde estava. | X8: =SUMPRODUCT(($G8:$P8<>"")*ISERROR(SEARCH($G8:$P8,R8)))+SUMPRODUCT(($G8:$P8<>"")*ISERROR(SEARCH($G8:$P8,S8)))+SUMPRODUCT(($G8:$P8<>"")*ISERROR(SEARCH($G8:$P8,T8)))+SUMPRODUCT(($G8:$P8<>"")*ISERROR(SEARCH($G8:$P8,U8)))+SUMPRODUCT(($G8:$P8<>"")*ISERROR(SEARCH($G8:$P8,V8)))+SUMPRODUCT(($G8:$P8<>"")*ISERROR(SEARCH($G8:$P8,W8))) | Y8: Falantes possíveis todos masculinos.
A9: c5-08 | B9: no privado, pergunta sobre a tela no corredor | C9: privado | D9: voz(['herdeira','observadora','jornalista','residente'],D.tela) | E9: jogador no privado | G9: tela | H9: atravessou o corredor | I9: escuro | Q9: Você viu a tela que atravessou o corredor no escuro? | R9: A tela que atravessou o corredor no escuro! Você viu ou não? | S9: A tela… que atravessou o corredor. No escuro. Você viu? | T9: Você viu a tela que atravessou o corredor no escuro? Desculpa perguntar assim… | U9: Me responda direto: você viu a tela que atravessou o corredor no escuro? | V9: Que noite, esse frio não passa… Você viu a tela que atravessou o corredor no escuro? | W9: Consulta: você viu a tela que atravessou o corredor no escuro? | X9: =SUMPRODUCT(($G9:$P9<>"")*ISERROR(SEARCH($G9:$P9,R9)))+SUMPRODUCT(($G9:$P9<>"")*ISERROR(SEARCH($G9:$P9,S9)))+SUMPRODUCT(($G9:$P9<>"")*ISERROR(SEARCH($G9:$P9,T9)))+SUMPRODUCT(($G9:$P9<>"")*ISERROR(SEARCH($G9:$P9,U9)))+SUMPRODUCT(($G9:$P9<>"")*ISERROR(SEARCH($G9:$P9,V9)))+SUMPRODUCT(($G9:$P9<>"")*ISERROR(SEARCH($G9:$P9,W9))) | Y9: Falante varia (nunca o dono da tela): sem adjetivo de gênero.
A10: c5-09 | B10: resposta a "Onde cada um estava no quarto clarão?" | C10: resposta | D10: fala(['policial','tabeliao','investigador']) | E10: grupo | G10: no posto | H10: todo mundo | I10: farol | J10: ouvidos | Q10: No posto. É o que todo mundo vai dizer. O farol e os ouvidos é que contam. | R10: No posto. É o que todo mundo vai dizer, claro! O farol e os ouvidos é que contam. | S10: No posto… todo mundo vai dizer isso. O farol. Os ouvidos. Isso conta. | T10: No posto… é o que todo mundo vai dizer, não é? O farol e os ouvidos é que contam. | U10: No posto. É o que todo mundo vai dizer. O farol e os ouvidos é que contam. | V10: Ah, essa umidade… No posto, é o que todo mundo vai dizer. O que conta mesmo é o farol e os ouvidos. | W10: Resposta esperada de todo mundo: no posto. Valem o farol e os ouvidos. | X10: =SUMPRODUCT(($G10:$P10<>"")*ISERROR(SEARCH($G10:$P10,R10)))+SUMPRODUCT(($G10:$P10<>"")*ISERROR(SEARCH($G10:$P10,S10)))+SUMPRODUCT(($G10:$P10<>"")*ISERROR(SEARCH($G10:$P10,T10)))+SUMPRODUCT(($G10:$P10<>"")*ISERROR(SEARCH($G10:$P10,U10)))+SUMPRODUCT(($G10:$P10<>"")*ISERROR(SEARCH($G10:$P10,V10)))+SUMPRODUCT(($G10:$P10<>"")*ISERROR(SEARCH($G10:$P10,W10))) | Y10: Falantes possíveis todos masculinos.
A11: c5-10 | B11: resposta a "Quem ouviu o raspado?" | C11: resposta | D11: fala(['jornalista','herdeira','residente'],D.calou) | E11: grupo | G11: todo mundo | H11: ouviu e calou | Q11: Todo mundo. A pergunta é quem ouviu e calou. | R11: Todo mundo, ora! A pergunta é quem ouviu e calou. | S11: Todo mundo. A pergunta… é quem ouviu e calou. | T11: Todo mundo, não foi? A pergunta é quem ouviu e calou… | U11: Todo mundo. A pergunta é quem ouviu e calou. | V11: Que cansaço… Todo mundo. A pergunta é quem ouviu e calou. | W11: Ouvintes: todo mundo. Pendente: quem ouviu e calou. | X11: =SUMPRODUCT(($G11:$P11<>"")*ISERROR(SEARCH($G11:$P11,R11)))+SUMPRODUCT(($G11:$P11<>"")*ISERROR(SEARCH($G11:$P11,S11)))+SUMPRODUCT(($G11:$P11<>"")*ISERROR(SEARCH($G11:$P11,T11)))+SUMPRODUCT(($G11:$P11<>"")*ISERROR(SEARCH($G11:$P11,U11)))+SUMPRODUCT(($G11:$P11<>"")*ISERROR(SEARCH($G11:$P11,V11)))+SUMPRODUCT(($G11:$P11<>"")*ISERROR(SEARCH($G11:$P11,W11))) | Y11: Falante varia (nunca quem calou): sem adjetivo de gênero.
A12: c5-11 | B12: resposta a "O que o farol viu?" | C12: resposta | D12: fala(['investigador','policial']) | E12: grupo | G12: vultos | H12: rostos | I12: parados | Q12: Vultos, nunca rostos. Mas vultos parados num lugar contam. | R12: Vultos, nunca rostos! Mas vultos parados num lugar contam. | S12: Vultos… nunca rostos. Mas parados… num lugar. Contam. | T12: Só vultos, nunca rostos… Mas vultos parados num lugar contam, não contam? | U12: Vultos, nunca rostos. Mas vultos parados num lugar contam. | V12: Essa demora toda… Vultos, nunca rostos. Mas vultos parados num lugar, esses contam. | W12: Consta: vultos, nunca rostos. Observação: vultos parados num lugar contam. | X12: =SUMPRODUCT(($G12:$P12<>"")*ISERROR(SEARCH($G12:$P12,R12)))+SUMPRODUCT(($G12:$P12<>"")*ISERROR(SEARCH($G12:$P12,S12)))+SUMPRODUCT(($G12:$P12<>"")*ISERROR(SEARCH($G12:$P12,T12)))+SUMPRODUCT(($G12:$P12<>"")*ISERROR(SEARCH($G12:$P12,U12)))+SUMPRODUCT(($G12:$P12<>"")*ISERROR(SEARCH($G12:$P12,V12)))+SUMPRODUCT(($G12:$P12<>"")*ISERROR(SEARCH($G12:$P12,W12))) | Y12: Falantes possíveis masculinos.
A13: c5-12 | B13: resposta a "Ninguém sai do lugar." | C13: resposta | D13: fala(['policial','tabeliao']) | E13: grupo | G13: combinado | Q13: Combinado. | R13: Combinado! | S13: …combinado. | T13: Combinado… | U13: Combinado. | V13: Ah… combinado. | W13: Combinado. | X13: =SUMPRODUCT(($G13:$P13<>"")*ISERROR(SEARCH($G13:$P13,R13)))+SUMPRODUCT(($G13:$P13<>"")*ISERROR(SEARCH($G13:$P13,S13)))+SUMPRODUCT(($G13:$P13<>"")*ISERROR(SEARCH($G13:$P13,T13)))+SUMPRODUCT(($G13:$P13<>"")*ISERROR(SEARCH($G13:$P13,U13)))+SUMPRODUCT(($G13:$P13<>"")*ISERROR(SEARCH($G13:$P13,V13)))+SUMPRODUCT(($G13:$P13<>"")*ISERROR(SEARCH($G13:$P13,W13))) | Y13: Item único: a fala original tem uma palavra só (exceção à regra de 2 a 5 itens).
A14: c5-13 | B14: resposta no privado a "Você viu alguém andar no escuro?" | C14: resposta | D14: quem está no privado com o jogador (varia) | E14: jogador no privado | G14: tela passar | H14: só a luz | Q14: Vi uma tela passar. Só a luz. | R14: Vi uma tela passar! Só a luz, mais nada. | S14: Vi… uma tela passar. Só a luz. | T14: Vi uma tela passar… Só a luz. Desculpa, não ajuda muito, né? | U14: Vi uma tela passar. Só a luz. | V14: Que noite comprida… Vi uma tela passar. Só a luz. | W14: Vi uma tela passar. Só a luz, nada mais. | X14: =SUMPRODUCT(($G14:$P14<>"")*ISERROR(SEARCH($G14:$P14,R14)))+SUMPRODUCT(($G14:$P14<>"")*ISERROR(SEARCH($G14:$P14,S14)))+SUMPRODUCT(($G14:$P14<>"")*ISERROR(SEARCH($G14:$P14,T14)))+SUMPRODUCT(($G14:$P14<>"")*ISERROR(SEARCH($G14:$P14,U14)))+SUMPRODUCT(($G14:$P14<>"")*ISERROR(SEARCH($G14:$P14,V14)))+SUMPRODUCT(($G14:$P14<>"")*ISERROR(SEARCH($G14:$P14,W14))) | Y14: Falante varia: sem adjetivo de gênero.
A15: c5-14 | B15: resposta no privado a "Não confio em ninguém aqui." | C15: resposta | D15: quem está no privado com o jogador (varia) | E15: jogador no privado | G15: nem eu | Q15: Nem eu. | R15: Nem eu! | S15: … Nem eu. | T15: Nem eu… | U15: Nem eu. | V15: Nem eu. | W15: Nem eu. | X15: =SUMPRODUCT(($G15:$P15<>"")*ISERROR(SEARCH($G15:$P15,R15)))+SUMPRODUCT(($G15:$P15<>"")*ISERROR(SEARCH($G15:$P15,S15)))+SUMPRODUCT(($G15:$P15<>"")*ISERROR(SEARCH($G15:$P15,T15)))+SUMPRODUCT(($G15:$P15<>"")*ISERROR(SEARCH($G15:$P15,U15)))+SUMPRODUCT(($G15:$P15<>"")*ISERROR(SEARCH($G15:$P15,V15)))+SUMPRODUCT(($G15:$P15<>"")*ISERROR(SEARCH($G15:$P15,W15))) | Y15: Item único: fala de duas palavras (exceção à regra de 2 a 5 itens). Falante varia.
A16: c5-15 | B16: debate: o que cada som do escuro permite descartar (1) | C16: chat | D16: fala(['policial','residente','jornalista']) | E16: grupo (debate) | G16: gritou | H16: naquele lugar | I16: endereço | Q16: Quem gritou de um lugar estava naquele lugar. Grito não mente o endereço. | R16: Quem gritou de um lugar estava naquele lugar! Grito não mente o endereço. | S16: Quem gritou… estava naquele lugar. Grito… não mente o endereço. | T16: Quem gritou de um lugar estava naquele lugar, não é? Grito não mente o endereço… | U16: Quem gritou de um lugar estava naquele lugar. Grito não mente o endereço. | V16: Tanta chuva lá fora… Mas quem gritou de um lugar estava naquele lugar. Grito não mente o endereço. | W16: Princípio: quem gritou de um lugar estava naquele lugar. Grito não mente o endereço. | X16: =SUMPRODUCT(($G16:$P16<>"")*ISERROR(SEARCH($G16:$P16,R16)))+SUMPRODUCT(($G16:$P16<>"")*ISERROR(SEARCH($G16:$P16,S16)))+SUMPRODUCT(($G16:$P16<>"")*ISERROR(SEARCH($G16:$P16,T16)))+SUMPRODUCT(($G16:$P16<>"")*ISERROR(SEARCH($G16:$P16,U16)))+SUMPRODUCT(($G16:$P16<>"")*ISERROR(SEARCH($G16:$P16,V16)))+SUMPRODUCT(($G16:$P16<>"")*ISERROR(SEARCH($G16:$P16,W16))) | Y16: Falante varia: sem adjetivo de gênero.
A17: c5-16 | B17: debate: o que cada som do escuro permite descartar (2) | C17: chat | D17: fala(['observadora','advogado','tabeliao']) | E17: grupo (debate) | G17: degrau | H17: louça | I17: lata | J17: panela | K17: postos | Q17: O degrau, a louça, a lata, a panela: cada som tem um lugar. Junte com os postos. | R17: O degrau, a louça, a lata, a panela: cada som tem um lugar. Junte com os postos, não é difícil! | S17: O degrau. A louça. A lata… a panela. Cada som, um lugar. Junte com os postos. | T17: O degrau, a louça, a lata, a panela… cada som tem um lugar, não é? Aí é só juntar com os postos. | U17: O degrau, a louça, a lata, a panela: cada som tem um lugar. Junte com os postos. | V17: O cansaço pesa… O degrau, a louça, a lata, a panela: cada som tem um lugar. Junte com os postos. | W17: Itens: degrau, louça, lata, panela. Cada som, um lugar. Procedimento: cruzar com os postos. | X17: =SUMPRODUCT(($G17:$P17<>"")*ISERROR(SEARCH($G17:$P17,R17)))+SUMPRODUCT(($G17:$P17<>"")*ISERROR(SEARCH($G17:$P17,S17)))+SUMPRODUCT(($G17:$P17<>"")*ISERROR(SEARCH($G17:$P17,T17)))+SUMPRODUCT(($G17:$P17<>"")*ISERROR(SEARCH($G17:$P17,U17)))+SUMPRODUCT(($G17:$P17<>"")*ISERROR(SEARCH($G17:$P17,V17)))+SUMPRODUCT(($G17:$P17<>"")*ISERROR(SEARCH($G17:$P17,W17))) | Y17: Falante varia: sem adjetivo de gênero.
A18: c5-17 | B18: debate: o que cada som do escuro permite descartar (3) | C18: chat | D18: fala(['herdeira','investigador','governanta']) | E18: grupo (debate) | G18: farol | H18: nunca mente | I18: vulto parado duas vezes | J18: relógio | Q18: E o farol nunca mente. Vulto parado duas vezes não estava no relógio. | R18: E o farol nunca mente! Vulto parado duas vezes não estava no relógio. | S18: O farol… nunca mente. Vulto parado duas vezes… não estava no relógio. | T18: E o farol nunca mente, né? Então vulto parado duas vezes não estava no relógio… | U18: E o farol nunca mente. Vulto parado duas vezes não estava no relógio. | V18: A estrada de volta vai ser longa… E o farol nunca mente. Vulto parado duas vezes não estava no relógio. | W18: Premissa: o farol nunca mente. Logo, vulto parado duas vezes não estava no relógio. | X18: =SUMPRODUCT(($G18:$P18<>"")*ISERROR(SEARCH($G18:$P18,R18)))+SUMPRODUCT(($G18:$P18<>"")*ISERROR(SEARCH($G18:$P18,S18)))+SUMPRODUCT(($G18:$P18<>"")*ISERROR(SEARCH($G18:$P18,T18)))+SUMPRODUCT(($G18:$P18<>"")*ISERROR(SEARCH($G18:$P18,U18)))+SUMPRODUCT(($G18:$P18<>"")*ISERROR(SEARCH($G18:$P18,V18)))+SUMPRODUCT(($G18:$P18<>"")*ISERROR(SEARCH($G18:$P18,W18))) | Y18: Falante varia: sem adjetivo de gênero.

Sheet Cap 6
A1: ID | B1: Cena | C1: Momento | D1: Quem fala | E1: Com quem | F1: Condição | G1: Item 1 | H1: Item 2 | I1: Item 3 | J1: Item 4 | K1: Item 5 | L1: Item 6 | M1: Item 7 | N1: Item 8 | O1: Item 9 | P1: Item 10 | Q1: Fala original | R1: Explosivo | S1: Calmo opaco | T1: Ingênuo | U1: Leal cego | V1: Evasivo | W1: Burocrata | X1: Faltam | Y1: Nota
A2: c6-01 | B2: a conta do relógio na sala | C2: roteiro | D2: tabeliao | policial (cond) | E2: grupo | G2: relógio | H2: quatro minutos | I2: nove e trinta e um | J2: nove e trinta e cinco | K2: nove e trinta e quatro | Q2: O relógio andava quatro minutos na frente. Agora são nove e trinta e um. Devia marcar nove e trinta e cinco. Marca nove e trinta e quatro. | R2: O relógio andava quatro minutos na frente. Agora são nove e trinta e um. Devia marcar nove e trinta e cinco. E marca nove e trinta e quatro! | S2: O relógio… quatro minutos na frente. Agora… nove e trinta e um. Devia marcar nove e trinta e cinco. Marca… nove e trinta e quatro. | T2: O relógio andava quatro minutos na frente, não é? Agora são nove e trinta e um… então devia marcar nove e trinta e cinco. Mas marca nove e trinta e quatro. Fiz a conta certo? | U2: O relógio andava quatro minutos na frente. Agora são nove e trinta e um. Devia marcar nove e trinta e cinco. Marca nove e trinta e quatro. | V2: Que umidade nesta sala… O relógio andava quatro minutos na frente. Agora são nove e trinta e um. Devia marcar nove e trinta e cinco. Marca nove e trinta e quatro. | W2: Registre: relógio adiantado quatro minutos. Hora real, nove e trinta e um. Esperado, nove e trinta e cinco. Marcado, nove e trinta e quatro. | X2: =SUMPRODUCT(($G2:$P2<>"")*ISERROR(SEARCH($G2:$P2,R2)))+SUMPRODUCT(($G2:$P2<>"")*ISERROR(SEARCH($G2:$P2,S2)))+SUMPRODUCT(($G2:$P2<>"")*ISERROR(SEARCH($G2:$P2,T2)))+SUMPRODUCT(($G2:$P2<>"")*ISERROR(SEARCH($G2:$P2,U2)))+SUMPRODUCT(($G2:$P2<>"")*ISERROR(SEARCH($G2:$P2,V2)))+SUMPRODUCT(($G2:$P2<>"")*ISERROR(SEARCH($G2:$P2,W2))) | Y2: cond = tabeliao se presente, senão policial (os dois masculinos). Enquadre: 'fez a conta em voz alta, porque era assim que pensava'.
A3: c6-02 | B3: o relógio perdeu um minuto | C3: roteiro | D3: investigador | E3: grupo | G3: quase um minuto | H3: ata | I3: acertado | J3: oito e dezessete | Q3: Perdeu quase um minuto. A ata diz que ele foi acertado às oito e dezessete. | R3: Perdeu quase um minuto! A ata diz que ele foi acertado às oito e dezessete. | S3: Quase um minuto… perdido. A ata… acertado às oito e dezessete. | T3: Ele perdeu quase um minuto, não foi? E a ata diz que foi acertado às oito e dezessete… se eu li direito. | U3: Perdeu quase um minuto. A ata diz que ele foi acertado às oito e dezessete. Está escrito. | V3: Que noite comprida… Perdeu quase um minuto. A ata diz que ele foi acertado às oito e dezessete. | W3: Consta: perda de quase um minuto. A ata registra que foi acertado às oito e dezessete. | X3: =SUMPRODUCT(($G3:$P3<>"")*ISERROR(SEARCH($G3:$P3,R3)))+SUMPRODUCT(($G3:$P3<>"")*ISERROR(SEARCH($G3:$P3,S3)))+SUMPRODUCT(($G3:$P3<>"")*ISERROR(SEARCH($G3:$P3,T3)))+SUMPRODUCT(($G3:$P3<>"")*ISERROR(SEARCH($G3:$P3,U3)))+SUMPRODUCT(($G3:$P3<>"")*ISERROR(SEARCH($G3:$P3,V3)))+SUMPRODUCT(($G3:$P3<>"")*ISERROR(SEARCH($G3:$P3,W3))) | Y3: 'ele' é o relógio. Fala citada em narração, atribuída ao Investigador.
A4: c6-03 | B4: o relógio perdeu um minuto | C4: roteiro | D4: investigador (sem atribuição explícita) | E4: grupo | G4: um minuto | H4: sozinho | I4: parou | Q4: Não se perde um minuto sozinho. Alguém o parou. | R4: Não se perde um minuto sozinho, de jeito nenhum! Alguém o parou. | S4: Um minuto… não se perde sozinho. Alguém… o parou. | T4: Relógio não perde um minuto sozinho, perde? Então alguém o parou… | U4: Não se perde um minuto sozinho. Alguém o parou. | V4: Essa espera cansa… Mas não se perde um minuto sozinho. Alguém o parou. | W4: Um minuto não se perde sozinho. Conclusão: alguém o parou. | X4: =SUMPRODUCT(($G4:$P4<>"")*ISERROR(SEARCH($G4:$P4,R4)))+SUMPRODUCT(($G4:$P4<>"")*ISERROR(SEARCH($G4:$P4,S4)))+SUMPRODUCT(($G4:$P4<>"")*ISERROR(SEARCH($G4:$P4,T4)))+SUMPRODUCT(($G4:$P4<>"")*ISERROR(SEARCH($G4:$P4,U4)))+SUMPRODUCT(($G4:$P4<>"")*ISERROR(SEARCH($G4:$P4,V4)))+SUMPRODUCT(($G4:$P4<>"")*ISERROR(SEARCH($G4:$P4,W4))) | Y4: Terceira aspa da mesma narração, sem 'disse'; tratada como continuação do Investigador. Seguida de narração: 'Todos olharam para o móvel...'.
A5: c6-04 | B5: o adendo lido na sala do relógio | C5: roteiro | D5: advogado | tabeliao | investigador (quemLe) | E5: grupo | G5: manuscrito | H5: vale | I5: direito de morar | J5: venda | K5: abrir mão | Q5: Manuscrito, datado, assinado. Se a letra for dele, vale. E um direito de morar para a vida inteira trava a venda da casa. Ninguém compra uma casa com alguém morando dentro por lei. Quem tiver isso pode pedir o que quiser para abrir mão. | R5: Manuscrito, datado, assinado. Se a letra for dele, vale, e pronto. Um direito de morar para a vida inteira trava a venda da casa! Ninguém compra casa com alguém morando dentro por lei. Quem tiver isso pede o que quiser para abrir mão. | S5: Manuscrito… datado. Assinado. Se a letra for dele… vale. Direito de morar, vida inteira… trava a venda da casa. Ninguém compra casa com alguém morando dentro, por lei. Quem tiver isso… pede o que quiser. Para abrir mão. | T5: É manuscrito, datado, assinado… se a letra for dele, vale, não é? E um direito de morar pela vida inteira trava a venda da casa. Ninguém compra casa com alguém morando dentro por lei, né? Quem tiver isso pode pedir o que quiser para abrir mão… é isso mesmo? | U5: Manuscrito, datado, assinado. Se a letra for dele, vale. E um direito de morar para a vida inteira trava a venda da casa. Ninguém compra uma casa com alguém morando dentro por lei. Quem tiver isso pode pedir o que quiser para abrir mão. É a casa dele que está em jogo. | V5: O cansaço já pesa… Manuscrito, datado, assinado. Se a letra for dele, vale. E um direito de morar para a vida inteira trava a venda da casa: ninguém compra casa com alguém morando dentro por lei. Quem tiver isso pode pedir o que quiser para abrir mão. | W5: Consta: manuscrito, datado, assinado. Se a letra for dele, vale. Efeito: direito de morar para a vida inteira trava a venda da casa; ninguém compra casa com alguém morando dentro por lei. Por fim: quem tiver isso pode pedir o que quiser para abrir mão. | X5: =SUMPRODUCT(($G5:$P5<>"")*ISERROR(SEARCH($G5:$P5,R5)))+SUMPRODUCT(($G5:$P5<>"")*ISERROR(SEARCH($G5:$P5,S5)))+SUMPRODUCT(($G5:$P5<>"")*ISERROR(SEARCH($G5:$P5,T5)))+SUMPRODUCT(($G5:$P5<>"")*ISERROR(SEARCH($G5:$P5,U5)))+SUMPRODUCT(($G5:$P5<>"")*ISERROR(SEARCH($G5:$P5,V5)))+SUMPRODUCT(($G5:$P5<>"")*ISERROR(SEARCH($G5:$P5,W5))) | Y5: quemLe = advogado se presente, senão tabelião, senão investigador (todos masculinos). Enquadre: 'tirou os óculos' / 'ergueu os olhos'; depois a Herdeira senta.
A6: c6-05 | B6: a observadora compara o adendo com o caderno | C6: roteiro | D6: observadora | E6: grupo | F6: só na partida 6 (P===6) | G6: enquanto viver | H6: sépia | I6: outra tinta | J6: azul | K6: firme demais | Q6: A letra dele vai até 'enquanto viver'. Trêmula, sépia. 'E o que dele se puder tirar' é outra tinta. Azul. A tinta do caderno. E a mão está firme demais para um homem que já não enxergava. | R6: A letra dele vai até 'enquanto viver'. Trêmula, sépia. 'E o que dele se puder tirar' é outra tinta, azul, a tinta do caderno! E a mão está firme demais para um homem que já não enxergava. | S6: A letra dele… até 'enquanto viver'. Trêmula. Sépia. 'E o que dele se puder tirar'… outra tinta. Azul. A do caderno. E a mão… firme demais. Para quem já não enxergava. | T6: A letra dele vai até 'enquanto viver', não vai? Trêmula, sépia… E 'o que dele se puder tirar' é outra tinta, acho. Azul, a do caderno. E a mão está firme demais para um homem que já não enxergava… ou estou vendo coisa? | U6: A letra dele vai até 'enquanto viver'. Trêmula, sépia. 'E o que dele se puder tirar' é outra tinta. Azul. A tinta do caderno. E a mão está firme demais para um homem que já não enxergava. Isso eu não deixo passar. | V6: Que umidade… A letra dele vai até 'enquanto viver'. Trêmula, sépia. 'E o que dele se puder tirar' é outra tinta. Azul, a do caderno. E a mão, firme demais para um homem que já não enxergava. | W6: Item um: letra dele até 'enquanto viver', trêmula, sépia. Item dois: 'e o que dele se puder tirar', outra tinta, azul, a do caderno. Item três: mão firme demais para quem já não enxergava. | X6: =SUMPRODUCT(($G6:$P6<>"")*ISERROR(SEARCH($G6:$P6,R6)))+SUMPRODUCT(($G6:$P6<>"")*ISERROR(SEARCH($G6:$P6,S6)))+SUMPRODUCT(($G6:$P6<>"")*ISERROR(SEARCH($G6:$P6,T6)))+SUMPRODUCT(($G6:$P6<>"")*ISERROR(SEARCH($G6:$P6,U6)))+SUMPRODUCT(($G6:$P6<>"")*ISERROR(SEARCH($G6:$P6,V6)))+SUMPRODUCT(($G6:$P6<>"")*ISERROR(SEARCH($G6:$P6,W6))) | Y6: Fixa no código, mas só roda na P6 (a voz é a culpada). As aspas simples internas são \' no JS.
A7: c6-06 | B7: quem diz que esteve no fim | C7: roteiro | D7: chefe_de_cozinha | E7: grupo | F7: chefe presente, não é o impostor, partida ≠ 15 | G7: cozinhei | H7: começo do ano | Q7: Eu cozinhei para ele até o começo do ano | R7: Eu cozinhei para ele até o começo do ano. Até o começo, e daí? | S7: Cozinhei para ele… até o começo do ano. | T7: Eu cozinhei para ele até o começo do ano… isso conta, não conta? | U7: Eu cozinhei para ele até o começo do ano. Ele merecia. | V7: Que fome dá essa chuva… Eu cozinhei para ele até o começo do ano. | W7: Para constar: cozinhei para ele até o começo do ano. | X7: =SUMPRODUCT(($G7:$P7<>"")*ISERROR(SEARCH($G7:$P7,R7)))+SUMPRODUCT(($G7:$P7<>"")*ISERROR(SEARCH($G7:$P7,S7)))+SUMPRODUCT(($G7:$P7<>"")*ISERROR(SEARCH($G7:$P7,T7)))+SUMPRODUCT(($G7:$P7<>"")*ISERROR(SEARCH($G7:$P7,U7)))+SUMPRODUCT(($G7:$P7<>"")*ISERROR(SEARCH($G7:$P7,V7)))+SUMPRODUCT(($G7:$P7<>"")*ISERROR(SEARCH($G7:$P7,W7))) | Y7: Enquadre: 'disse o Chefe de Cozinha, baixo, sem saber por que dizia' — por isso o explosivo vai sem exclamação. Código fecha com '.' após as aspas.
A8: c6-07 | B8: quem diz que esteve no fim | C8: roteiro | D8: chefe_de_cozinha | E8: grupo | F8: chefe presente, não é o impostor, partida 15 | G8: caldo | H8: até o fim | Q8: Fiz o caldo dele até o fim | R8: Fiz o caldo dele até o fim. Pronto, falei. | S8: O caldo dele… fiz até o fim. | T8: Fiz o caldo dele até o fim… é isso que vocês querem saber, não é? | U8: Fiz o caldo dele até o fim. Até o fim mesmo. | V8: Essa demora toda… Fiz o caldo dele até o fim. | W8: Fiz o caldo dele até o fim. É o que tenho a declarar. | X8: =SUMPRODUCT(($G8:$P8<>"")*ISERROR(SEARCH($G8:$P8,R8)))+SUMPRODUCT(($G8:$P8<>"")*ISERROR(SEARCH($G8:$P8,S8)))+SUMPRODUCT(($G8:$P8<>"")*ISERROR(SEARCH($G8:$P8,T8)))+SUMPRODUCT(($G8:$P8<>"")*ISERROR(SEARCH($G8:$P8,U8)))+SUMPRODUCT(($G8:$P8<>"")*ISERROR(SEARCH($G8:$P8,V8)))+SUMPRODUCT(($G8:$P8<>"")*ISERROR(SEARCH($G8:$P8,W8))) | Y8: Mesmo enquadre 'baixo, sem saber por que dizia'. Ver dúvida: FIM_R2 não tem a partida 15, então C6_R2X retorna null nela.
A9: c6-08 | B9: quem diz que esteve no fim | C9: roteiro | D9: governanta | E9: grupo | F9: governanta presente e não é o impostor | G9: terças | H9: depois | I9: arejar | Q9: Eu vinha às terças. Depois. Para arejar | R9: Eu vinha às terças. Depois. Para arejar, só isso! | S9: Às terças… eu vinha. Depois. Para arejar. | T9: Eu vinha às terças… depois, sabe? Para arejar. Não tinha problema, tinha? | U9: Eu vinha às terças. Depois. Para arejar. | V9: Que frio… Eu vinha às terças. Depois. Para arejar. | W9: Frequência: eu vinha às terças. Depois. Finalidade: arejar. | X9: =SUMPRODUCT(($G9:$P9<>"")*ISERROR(SEARCH($G9:$P9,R9)))+SUMPRODUCT(($G9:$P9<>"")*ISERROR(SEARCH($G9:$P9,S9)))+SUMPRODUCT(($G9:$P9<>"")*ISERROR(SEARCH($G9:$P9,T9)))+SUMPRODUCT(($G9:$P9<>"")*ISERROR(SEARCH($G9:$P9,U9)))+SUMPRODUCT(($G9:$P9<>"")*ISERROR(SEARCH($G9:$P9,V9)))+SUMPRODUCT(($G9:$P9<>"")*ISERROR(SEARCH($G9:$P9,W9))) | Y9: 'Depois' fica ambíguo de propósito, como no original.
A10: c6-09 | B10: quem diz que esteve no fim | C10: roteiro | D10: jardineiro | E10: grupo | F10: jardineiro presente e não é o impostor | G10: jasmim | H10: cuidava | I10: era eu | Q10: Quem cuidava do jasmim era eu | R10: Quem cuidava do jasmim era eu! Algum problema? | S10: O jasmim… quem cuidava era eu. | T10: Quem cuidava do jasmim era eu… isso importa, não é? | U10: Quem cuidava do jasmim era eu. | V10: Lá fora, essa chuva… Quem cuidava do jasmim era eu. | W10: Quem cuidava do jasmim era eu. Fica anotado. | X10: =SUMPRODUCT(($G10:$P10<>"")*ISERROR(SEARCH($G10:$P10,R10)))+SUMPRODUCT(($G10:$P10<>"")*ISERROR(SEARCH($G10:$P10,S10)))+SUMPRODUCT(($G10:$P10<>"")*ISERROR(SEARCH($G10:$P10,T10)))+SUMPRODUCT(($G10:$P10<>"")*ISERROR(SEARCH($G10:$P10,U10)))+SUMPRODUCT(($G10:$P10<>"")*ISERROR(SEARCH($G10:$P10,V10)))+SUMPRODUCT(($G10:$P10<>"")*ISERROR(SEARCH($G10:$P10,W10)))
A11: c6-10 | B11: quem diz que esteve no fim | C11: roteiro | D11: tabeliao | E11: grupo | F11: tabelião presente e houve pelo menos um 'dito' | G11: ata | H11: sentimento | I11: fato | Q11: Ata não registra sentimento. Registra fato. | R11: Ata não registra sentimento! Registra fato. Poupem-me. | S11: Ata… não registra sentimento. Registra fato. | T11: A ata não registra sentimento, não é? Só fato… desculpem. | U11: Ata não registra sentimento. Registra fato. | V11: Todo mundo cansado, eu entendo… Mas ata não registra sentimento. Registra fato. | W11: Ata: não registra sentimento. Registra fato. | X11: =SUMPRODUCT(($G11:$P11<>"")*ISERROR(SEARCH($G11:$P11,R11)))+SUMPRODUCT(($G11:$P11<>"")*ISERROR(SEARCH($G11:$P11,S11)))+SUMPRODUCT(($G11:$P11<>"")*ISERROR(SEARCH($G11:$P11,T11)))+SUMPRODUCT(($G11:$P11<>"")*ISERROR(SEARCH($G11:$P11,U11)))+SUMPRODUCT(($G11:$P11<>"")*ISERROR(SEARCH($G11:$P11,V11)))+SUMPRODUCT(($G11:$P11<>"")*ISERROR(SEARCH($G11:$P11,W11))) | Y11: Duas aspas partidas por narração: 'disse o Tabelião, sem levantar os olhos do papel'.
A12: c6-11 | B12: a voz depois da fuga e do adendo | C12: voz | D12: acompanhante | E12: grupo (número desconhecido) | G12: esteve aqui | H12: dias | Q12: guardia: Está tudo aí. Leiam. | explosiva: Agora é tarde para bater na porta. | ardilosa: Um de vocês vai dizer que esteve aqui. Contem os dias. | quieta: Leiam. | R12: Alguém aí vai jurar que esteve aqui! Contem os dias, pelo menos. | S12: Alguém… vai dizer que esteve aqui. Os dias. Contem. | T12: Alguém vai dizer que esteve aqui, não vai? Contem os dias… por favor. | U12: Alguém vai dizer que esteve aqui. Contem os dias. Todos. | V12: Um de vocês vai dizer que esteve aqui. Contem os dias. | W12: Previsão: um de vocês dirá que esteve aqui. Conferência: os dias. | X12: =SUMPRODUCT(($G12:$P12<>"")*ISERROR(SEARCH($G12:$P12,R12)))+SUMPRODUCT(($G12:$P12<>"")*ISERROR(SEARCH($G12:$P12,S12)))+SUMPRODUCT(($G12:$P12<>"")*ISERROR(SEARCH($G12:$P12,T12)))+SUMPRODUCT(($G12:$P12<>"")*ISERROR(SEARCH($G12:$P12,U12)))+SUMPRODUCT(($G12:$P12<>"")*ISERROR(SEARCH($G12:$P12,V12)))+SUMPRODUCT(($G12:$P12<>"")*ISERROR(SEARCH($G12:$P12,W12))) | Y12: Função (passada 2): alguém vai dizer que esteve aqui; contem os dias. Evasivo = texto exato da ardilosa (P2, P6, P15). Os outros cinco dizem a mesma função, sem "leiam" e sem "tarde para bater na porta".
A13: c6-12 | B13: a ata de quem estava onde | C13: roteiro | D13: tabeliao | policial (cond) | E13: grupo | G13: para a ata | Q13: Para a ata. | R13: Para a ata! | S13: … Para a ata. | T13: Para a ata… | U13: Para a ata. | V13: Hum… para a ata. | W13: Para a ata. | X13: =SUMPRODUCT(($G13:$P13<>"")*ISERROR(SEARCH($G13:$P13,R13)))+SUMPRODUCT(($G13:$P13<>"")*ISERROR(SEARCH($G13:$P13,S13)))+SUMPRODUCT(($G13:$P13<>"")*ISERROR(SEARCH($G13:$P13,T13)))+SUMPRODUCT(($G13:$P13<>"")*ISERROR(SEARCH($G13:$P13,U13)))+SUMPRODUCT(($G13:$P13<>"")*ISERROR(SEARCH($G13:$P13,V13)))+SUMPRODUCT(($G13:$P13<>"")*ISERROR(SEARCH($G13:$P13,W13))) | Y13: cond = tabeliao se presente, senão policial. Fala de três palavras: um item só. Enquadre: 'pediu que cada um dissesse onde estava no escuro, e quem tinha visto quem'.
